"newmoonnumber","ntraps","nplots","BA","DM","DO","DS","NA.","OL","OT","PB","PE","PF","PH","PL","PM","PP","RF","RM","RO","SF","SH","SO","total","newmoondate","period","censusdate","date","mintemp","maxtemp","meantemp","precipitation","ndvi","source"
28,196,4,0,6,0,3,0,1,1,0,0,0,0,0,0,0,0,0,0,0,0,0,11,"1979-09-21",27,"1979-09-22",NA,NA,NA,NA,NA,NA,NA
29,196,4,0,6,1,6,1,0,3,0,0,0,0,0,0,1,0,0,0,0,0,0,18,"1979-10-20",28,"1979-10-24",NA,NA,NA,NA,NA,NA,NA
30,196,4,0,9,1,4,2,0,3,0,0,0,0,0,0,1,0,2,0,0,0,0,22,"1979-11-19",29,"1979-11-17",NA,NA,NA,NA,NA,NA,NA
31,NA,NA,NA,NA,NA,NA,NA,NA,NA,NA,NA,NA,NA,NA,NA,NA,NA,NA,NA,NA,NA,NA,NA,"1979-12-19",NA,NA,NA,NA,NA,NA,NA,NA,NA
32,196,4,0,16,1,4,2,5,2,0,0,2,0,0,0,0,0,1,0,0,0,0,33,"1980-01-17",30,"1980-01-15","1980-01-17",-0.111764705882353,14.9470588235294,5.38235294117647,3.81,NA,"historic"
33,196,4,0,4,2,2,1,3,0,0,0,2,0,0,0,0,0,1,0,0,0,0,15,"1980-02-16",31,"1980-02-24","1980-02-16",1.95,13.3833333333333,5.16666666666667,38.862,NA,"historic"
34,196,4,0,7,1,7,0,2,0,0,0,1,0,0,0,0,0,0,0,0,0,0,18,"1980-03-16",32,"1980-03-21","1980-03-16",4.79310344827586,19.7586206896552,10.651724137931,7.874,NA,"historic"
35,196,4,0,4,1,7,0,3,1,0,0,1,0,0,0,0,0,0,0,0,0,0,17,"1980-04-14",33,"1980-04-17","1980-04-14",4.32758620689655,20.3448275862069,11.6896551724138,0,NA,"historic"
36,196,4,0,4,2,10,2,0,1,0,0,1,0,0,0,0,0,0,0,0,0,0,20,"1980-05-14",34,"1980-05-17","1980-05-14",10.5333333333333,26.4333333333333,18.67,1.016,NA,"historic"
37,196,4,0,8,4,11,0,1,2,0,0,1,0,0,0,0,0,0,0,0,0,0,27,"1980-06-12",35,"1980-06-22","1980-06-12",13.6206896551724,32.6551724137931,25.6344827586207,8.382,NA,"historic"
38,196,4,0,7,4,10,1,0,1,0,0,1,0,0,0,0,0,0,0,0,0,0,24,"1980-07-11",36,"1980-07-21","1980-07-11",20.948275862069,37.7241379310345,28.3551724137931,13.462,NA,"historic"
39,196,4,0,7,3,8,1,0,0,0,0,0,0,0,0,0,0,0,0,0,0,0,19,"1980-08-10",37,"1980-08-13","1980-08-10",20.5166666666667,35.3333333333333,25.71,75.438,NA,"historic"
40,196,4,0,5,1,8,1,0,3,0,0,0,0,0,0,2,0,0,0,0,0,0,20,"1980-09-09",38,"1980-09-07","1980-09-09",18,30.8666666666667,22.02,47.498,NA,"historic"
41,196,4,0,3,1,6,0,2,1,0,0,0,0,0,0,1,0,0,0,0,0,0,14,"1980-10-08",39,"1980-10-11","1980-10-08",15.9310344827586,30.948275862069,18.7551724137931,39.624,NA,"historic"
42,196,4,0,5,1,5,0,6,0,0,0,1,0,0,0,0,0,0,0,0,0,0,18,"1980-11-07",40,"1980-11-08","1980-11-07",7.63333333333333,22.3,9.83333333333333,1.778,NA,"historic"
43,196,4,0,11,1,4,1,2,4,0,1,1,0,0,0,0,0,0,0,0,0,0,25,"1980-12-07",41,"1980-12-15","1980-12-07",2.92666666666667,17.0466666666667,4.43333333333333,14.478,NA,"historic"
44,NA,NA,NA,NA,NA,NA,NA,NA,NA,NA,NA,NA,NA,NA,NA,NA,NA,NA,NA,NA,NA,NA,NA,"1981-01-06",42,"1981-01-11","1981-01-06",2.48333333333333,17.4166666666667,3.62666666666667,2.286,NA,"historic"
45,196,4,0,7,1,4,0,2,0,0,0,0,0,0,0,1,0,0,0,0,0,0,15,"1981-02-04",43,"1981-01-31","1981-02-04",0.686206896551724,12.8241379310345,3.92413793103448,30.226,NA,"historic"
46,196,4,0,8,1,6,0,0,6,0,0,1,0,0,0,0,0,0,0,0,0,0,22,"1981-03-06",44,"1981-03-08","1981-03-06",4.01,18.26,8.71666666666667,35.814,NA,"historic"
47,NA,NA,NA,NA,NA,NA,NA,NA,NA,NA,NA,NA,NA,NA,NA,NA,NA,NA,NA,NA,NA,NA,NA,"1981-04-04",NA,NA,"1981-04-04",5.3551724137931,19.4310344827586,10.9551724137931,16.51,NA,"historic"
48,196,4,0,9,2,7,0,0,2,0,0,1,0,0,0,0,0,0,0,0,0,0,21,"1981-05-03",45,"1981-05-03","1981-05-03",10.8275862068966,27.1034482758621,19.4310344827586,2.794,NA,"historic"
49,196,4,0,11,3,10,3,1,2,0,0,2,0,0,0,1,0,0,0,0,0,0,33,"1981-06-02",46,"1981-06-04","1981-06-02",9.98333333333333,28.5066666666667,22.8724137931034,3.048,NA,"historic"
50,196,4,0,9,2,5,1,0,0,0,0,1,0,0,0,2,0,0,0,0,0,0,20,"1981-07-01",47,"1981-07-07","1981-07-01",13.2172413793103,35.7103448275862,28.7758620689655,77.724,NA,"historic"
51,196,4,0,7,1,4,1,0,1,0,0,0,0,0,0,1,0,0,0,0,0,0,15,"1981-07-30",48,"1981-07-30","1981-07-30",14,32.8965517241379,24.0793103448276,71.12,NA,"historic"
52,196,4,0,9,2,3,1,0,0,0,0,0,0,0,0,0,0,0,0,0,0,0,15,"1981-08-29",49,"1981-08-30","1981-08-29",13.74,33.09,24.0066666666667,23.114,NA,"historic"
53,196,4,0,5,0,3,2,0,3,0,1,0,0,0,0,0,0,1,0,0,0,0,15,"1981-09-27",50,"1981-09-29","1981-09-27",12.5689655172414,31.8310344827586,19.3655172413793,53.848,NA,"historic"
54,196,4,0,8,1,4,2,2,0,0,0,2,0,0,0,0,0,0,0,0,0,0,19,"1981-10-27",51,"1981-10-24","1981-10-27",8.12333333333333,27.4466666666667,14.63,29.972,NA,"historic"
55,196,4,0,18,0,3,2,3,2,0,0,0,0,0,0,0,0,1,0,0,0,0,29,"1981-11-26",52,"1981-11-22","1981-11-26",4.65,24.6666666666667,7.94333333333333,1.016,NA,"historic"
56,196,4,0,10,0,6,1,1,2,0,0,1,0,0,0,0,0,2,0,0,0,0,23,"1981-12-26",53,"1981-12-30","1981-12-26",1.11666666666667,15.6,4.90333333333333,33.528,NA,"historic"
57,196,4,0,16,0,2,2,4,2,0,1,0,0,0,0,0,0,2,0,0,0,0,29,"1982-01-24",54,"1982-01-24","1982-01-24",0.0517241379310345,13.4310344827586,4.26551724137931,25.146,NA,"historic"
58,196,4,0,25,0,5,1,4,2,0,1,0,0,0,0,0,0,8,0,0,0,0,46,"1982-02-23",55,"1982-02-22","1982-02-23",1,15.8666666666667,6.92333333333333,6.858,NA,"historic"
59,196,4,0,15,1,4,1,1,2,0,1,1,0,0,1,0,0,2,0,0,0,0,29,"1982-03-25",56,"1982-03-29","1982-03-25",3.11666666666667,18.3166666666667,11.59,25.908,NA,"historic"
60,196,4,0,10,2,5,1,1,1,0,1,0,0,0,1,1,0,1,0,0,0,0,24,"1982-04-23",57,"1982-04-28","1982-04-23",5.74827586206897,22.4137931034483,17.0068965517241,4.572,NA,"historic"
61,196,4,0,11,1,4,1,2,1,0,0,0,0,0,0,0,0,1,0,0,0,0,21,"1982-05-22",58,"1982-05-21","1982-05-22",10.4655172413793,26.051724137931,20.7965517241379,9.652,NA,"historic"
62,196,4,0,12,1,8,2,3,2,0,1,1,0,0,0,1,0,0,0,0,0,0,31,"1982-06-21",59,"1982-06-28","1982-06-21",14.4333333333333,32.45,27.4233333333333,1.016,NA,"historic"
63,196,4,0,17,1,8,3,0,0,0,0,2,0,0,0,1,0,1,0,0,0,0,33,"1982-07-20",60,"1982-07-25","1982-07-20",17.6689655172414,33.5586206896552,27.1896551724138,25.4,NA,"historic"
64,196,4,0,21,2,6,1,2,1,0,0,4,0,0,0,1,0,1,0,0,0,0,39,"1982-08-18",61,"1982-08-15","1982-08-18",17.4827586206897,31.448275862069,23.9689655172414,41.148,NA,"historic"
65,196,4,0,14,1,6,2,4,4,0,0,0,0,0,1,0,0,0,0,0,0,0,32,"1982-09-17",62,"1982-09-18","1982-09-17",15.7166666666667,29.6833333333333,22.39,96.52,NA,"historic"
66,NA,NA,NA,NA,NA,NA,NA,NA,NA,NA,NA,NA,NA,NA,NA,NA,NA,NA,NA,NA,NA,NA,NA,"1982-10-16",NA,NA,"1982-10-16",10.5344827586207,27.051724137931,17.448275862069,13.716,NA,"historic"
67,196,4,0,17,2,7,2,5,3,0,0,6,0,0,0,0,0,1,0,0,0,0,43,"1982-11-15",63,"1982-11-21","1982-11-15",5.81666666666667,21.6,11.4733333333333,21.336,NA,"historic"
68,NA,NA,NA,NA,NA,NA,NA,NA,NA,NA,NA,NA,NA,NA,NA,NA,NA,NA,NA,NA,NA,NA,NA,"1982-12-15",NA,NA,"1982-12-15",1.13333333333333,11.0166666666667,4.33666666666667,128.734,NA,"historic"
69,196,4,0,16,2,8,2,2,0,0,0,3,0,0,1,0,0,5,0,0,0,0,39,"1983-01-13",64,"1983-01-12","1983-01-13",-2.5,10.0758620689655,0.424137931034483,57.664,NA,"historic"
70,196,4,0,14,3,2,0,2,1,0,0,1,0,0,1,0,0,2,0,0,0,0,26,"1983-02-12",65,"1983-02-26","1983-02-12",-1.1,11.0166666666667,5.13333333333333,30.24,NA,"historic"
71,196,4,0,17,1,4,0,1,2,0,1,2,0,0,0,0,0,3,0,0,0,0,31,"1983-03-14",66,"1983-03-14","1983-03-14",1.62333333333333,16.31,10.0896551724138,12.954,NA,"historic"
72,196,4,0,10,1,8,2,1,0,0,3,3,0,0,1,0,0,1,0,0,0,0,30,"1983-04-13",67,"1983-04-16","1983-04-13",0.393333333333333,13.6766666666667,9.06,30.226,NA,"historic"
73,196,4,0,10,1,4,1,0,1,0,2,1,0,0,0,0,0,2,0,0,0,0,22,"1983-05-12",68,"1983-05-14","1983-05-12",5.81034482758621,23.5344827586207,18.8827586206897,0,NA,"historic"
74,196,4,0,10,4,7,1,0,2,0,0,1,0,0,0,0,0,0,0,0,0,0,25,"1983-06-10",69,"1983-06-17","1983-06-10",11.6896551724138,29.3206896551724,23.3310344827586,0.254,NA,"historic"
75,196,4,0,9,2,2,2,0,2,0,0,0,0,0,0,1,0,0,0,0,0,0,18,"1983-07-10",70,"1983-07-16","1983-07-10",15.35,32.9166666666667,27.8133333333333,30.988,NA,"historic"
76,196,4,0,10,2,5,2,0,2,0,0,2,0,0,0,1,0,0,0,0,0,0,24,"1983-08-08",71,"1983-08-15","1983-08-08",17.6896551724138,31.7241379310345,24.9965517241379,61.214,NA,"historic"
77,196,4,0,11,6,7,5,0,0,0,0,2,0,0,0,0,0,0,0,0,0,0,31,"1983-09-06",72,"1983-09-10","1983-09-06",18.9172413793103,32.2724137931034,23.4586206896552,5.08,NA,"historic"
78,196,4,0,13,5,6,0,1,3,0,0,1,0,0,0,0,0,1,0,0,0,0,30,"1983-10-06",73,"1983-10-15","1983-10-06",16.1333333333333,27.5,19.1689655172414,193.13,NA,"historic"
79,196,4,0,9,1,8,1,0,1,0,0,0,0,0,0,0,0,0,0,0,0,0,20,"1983-11-04",74,"1983-11-12","1983-11-04",12.051724137931,23.0172413793103,13.3586206896552,41.148,NA,"historic"
80,196,4,0,9,2,8,2,2,3,0,0,0,0,0,0,0,0,0,0,0,0,0,26,"1983-12-04",75,"1983-12-08","1983-12-04",4.33333333333333,17.7033333333333,6.79666666666667,49.276,NA,"historic"
81,NA,NA,NA,NA,NA,NA,NA,NA,NA,NA,NA,NA,NA,NA,NA,NA,NA,NA,NA,NA,NA,NA,NA,"1984-01-02",NA,NA,"1984-01-02",1.08965517241379,14.0689655172414,4.96206896551724,8.636,NA,"historic"
82,196,4,0,11,2,3,0,2,0,0,0,0,0,0,0,0,0,2,0,0,0,0,20,"1984-02-01",76,"1984-02-04","1984-02-01",-0.366666666666667,12.5833333333333,4.43666666666667,21.128,NA,"historic"
83,196,4,0,7,3,4,0,1,0,0,0,0,0,0,0,0,0,0,0,0,0,0,15,"1984-03-02",77,"1984-03-12","1984-03-02",0.166666666666667,16.1166666666667,7.88333333333333,0,NA,"historic"
84,196,4,0,4,0,4,1,0,0,0,0,0,0,0,0,0,0,1,0,0,0,0,10,"1984-04-01",78,"1984-04-09","1984-04-01",4.46666666666667,19.9166666666667,13.6333333333333,0,NA,"historic"
85,NA,NA,NA,NA,NA,NA,NA,NA,NA,NA,NA,NA,NA,NA,NA,NA,NA,NA,NA,NA,NA,NA,NA,"1984-04-30",NA,NA,"1984-04-30",6.48275862068965,22.2931034482759,17.3758620689655,3.556,0.166699187565559,"historic"
86,196,4,0,9,2,1,2,2,0,0,0,0,0,0,0,0,0,0,0,0,0,0,16,"1984-05-30",79,"1984-05-27","1984-05-30",13.47,30.2333333333333,25.83,2.54,0.145935351224863,"historic"
87,196,4,0,14,3,0,2,2,1,0,0,0,0,0,0,0,0,0,0,0,0,0,22,"1984-06-28",80,"1984-07-03","1984-06-28",15.651724137931,30.1551724137931,24.4793103448276,21.336,0.134992344621853,"historic"
88,196,4,0,8,2,2,3,1,1,0,0,0,0,0,0,0,0,0,0,0,0,0,17,"1984-07-28",81,"1984-07-31","1984-07-28",16.0233333333333,30.6633333333333,23.7566666666667,39.624,0.149520854371352,"historic"
89,196,4,0,7,0,0,2,1,1,0,0,0,1,0,0,0,0,0,0,0,0,0,12,"1984-08-26",82,"1984-08-25","1984-08-26",14.8413793103448,28.1034482758621,22.6655172413793,78.74,0.151467462929534,"historic"
90,196,4,0,13,1,1,1,2,0,0,0,0,0,0,0,0,0,0,0,0,0,0,18,"1984-09-24",83,"1984-09-29","1984-09-24",15.0551724137931,29.1724137931034,21.2275862068966,21.082,0.153414071487717,"historic"
91,196,4,0,15,2,1,1,1,1,0,0,0,0,0,0,0,0,0,0,0,0,0,21,"1984-10-24",84,"1984-10-20","1984-10-24",6.64333333333333,20.79,13.48,56.134,0.155360680045899,"historic"
92,NA,NA,NA,NA,NA,NA,NA,NA,NA,NA,NA,NA,NA,NA,NA,NA,NA,NA,NA,NA,NA,NA,NA,"1984-11-22",NA,NA,"1984-11-22",4.68275862068965,19.2,7.88965517241379,2.032,0.157307288604081,"historic"
93,196,4,0,9,2,0,0,1,2,0,0,0,0,0,1,0,0,0,0,0,0,0,15,"1984-12-22",85,"1984-12-30","1984-12-22",0.126666666666667,11.3633333333333,3.46333333333333,72.39,0.159613191670043,"historic"
94,196,4,0,9,2,0,0,2,2,0,0,0,0,0,2,0,0,1,0,0,0,0,18,"1985-01-20",86,"1985-01-19","1985-01-20",-0.0689655172413793,10.2758620689655,2.30689655172414,30.734,0.153679487852616,"historic"
95,196,4,0,9,1,0,0,4,1,0,0,0,0,0,0,0,0,0,0,0,0,0,15,"1985-02-19",87,"1985-02-16","1985-02-19",1.05666666666667,11.57,4.19,28.962,0.164461409493557,"historic"
96,196,4,0,7,3,0,0,3,0,0,0,0,0,0,0,0,0,1,0,0,0,0,14,"1985-03-21",88,"1985-03-16","1985-03-21",3.93333333333333,15.4333333333333,10.1433333333333,31.496,0.175243331134498,"historic"
97,NA,NA,NA,NA,NA,NA,NA,NA,NA,NA,NA,NA,NA,NA,NA,NA,NA,NA,NA,NA,NA,NA,NA,"1985-04-19",NA,NA,"1985-04-19",7.63793103448276,22.5172413793103,16.4172413793103,1.27,0.186025252775439,"historic"
98,196,4,0,8,3,0,0,1,1,0,0,0,0,0,0,0,0,0,0,0,0,0,13,"1985-05-19",89,"1985-05-23","1985-05-19",9.91666666666667,23.9666666666667,18.9,26.162,0.176805916795558,"historic"
99,196,4,0,11,2,2,0,1,0,0,0,0,0,0,0,0,0,0,0,0,0,0,16,"1985-06-18",90,"1985-06-15","1985-06-18",15.9333333333333,31.4,26.0827586206897,0,0.170810395028098,"historic"
100,196,4,0,10,3,2,2,2,2,0,1,0,0,0,0,0,0,0,0,0,0,0,22,"1985-07-17",91,"1985-07-23","1985-07-17",18.3620689655172,33.051724137931,27.851724137931,46.228,0.164814873260639,"historic"
101,196,4,0,12,3,2,2,2,1,0,0,0,0,0,0,1,0,0,0,0,0,0,23,"1985-08-16",92,"1985-08-19","1985-08-16",16.46,28.0833333333333,23.4133333333333,163.068,0.158819351493179,"historic"
102,196,4,0,13,5,1,1,3,0,0,1,0,0,0,0,1,0,1,0,0,0,0,26,"1985-09-14",93,"1985-09-21","1985-09-14",16.5344827586207,29.4655172413793,22.8678571428571,20.828,0.215515995396877,"historic"
103,196,4,0,11,7,3,2,3,2,0,2,0,0,0,0,0,0,0,0,0,0,0,30,"1985-10-13",94,"1985-10-12","1985-10-13",12.1896551724138,23.0172413793103,15.9655172413793,99.568,0.201042493297084,"historic"
104,196,4,0,16,6,4,2,1,4,0,3,0,0,0,0,0,0,1,0,0,0,0,37,"1985-11-12",95,"1985-11-16","1985-11-12",8.22666666666667,20.0133333333333,10.9133333333333,63.246,0.199301531781428,"historic"
105,196,4,0,13,5,3,1,3,2,0,1,0,0,0,0,0,0,3,0,0,0,0,31,"1985-12-11",96,"1985-12-07","1985-12-11",2.56551724137931,14.4862068965517,5.36896551724138,10.922,0.182047380460923,"historic"
106,NA,NA,NA,NA,NA,NA,NA,NA,NA,NA,NA,NA,NA,NA,NA,NA,NA,NA,NA,NA,NA,NA,NA,"1986-01-10",NA,NA,"1986-01-10",-3.17333333333333,15.0266666666667,1.97666666666667,9.144,0.16180513967427,"historic"
107,NA,NA,NA,NA,NA,NA,NA,NA,NA,NA,NA,NA,NA,NA,NA,NA,NA,NA,NA,NA,NA,NA,NA,"1986-02-08",NA,NA,"1986-02-08",0.4,21.1862068965517,5.73448275862069,23.876,0.138246901730996,"historic"
108,196,4,0,9,3,4,2,4,1,0,1,0,0,0,0,1,0,1,0,0,0,0,26,"1986-03-10",97,"1986-03-08","1986-03-10",4.57666666666667,19.8833333333333,10.9233333333333,1.27,0.153432516741954,"historic"
109,196,4,0,11,2,4,3,4,0,0,0,0,0,0,0,0,0,0,0,0,0,0,24,"1986-04-08",98,"1986-04-12","1986-04-08",5.43448275862069,20.0551724137931,13.5689655172414,33.288,0.140064346474903,"historic"
110,196,4,0,11,2,3,1,1,0,0,3,0,0,0,1,0,0,0,0,0,0,0,22,"1986-05-08",99,"1986-05-10","1986-05-08",9.52666666666667,25.6966666666667,19.2766666666667,1.524,0.0890947752220688,"historic"
111,196,4,0,10,3,1,2,1,0,0,0,0,0,0,0,0,0,0,0,0,0,0,17,"1986-06-07",100,"1986-06-04","1986-06-07",13.4333333333333,28.4,23.1333333333333,10.414,0.138178178284779,"historic"
112,196,4,0,14,4,1,3,1,1,0,0,0,0,0,0,0,0,0,0,0,0,0,24,"1986-07-06",101,"1986-07-03","1986-07-06",17.4137931034483,30.7931034482759,25.4379310344828,18.288,0.138572975420941,"historic"
113,196,4,0,12,1,2,3,2,0,0,0,0,0,0,0,0,0,0,0,0,0,0,20,"1986-08-05",102,"1986-08-09","1986-08-05",17.65,29.8166666666667,24.5733333333333,57.404,0.166277809923532,"historic"
114,196,4,0,13,2,2,1,1,0,0,0,0,0,0,0,0,0,0,0,0,0,0,19,"1986-09-04",103,"1986-09-06","1986-09-04",17.0833333333333,28.65,22.1333333333333,67.056,0.195499318142123,"historic"
115,196,4,0,9,3,2,2,2,0,0,1,0,0,0,0,0,0,0,0,0,0,0,19,"1986-10-03",104,"1986-10-04","1986-10-03",13.6724137931034,26.8827586206897,19.148275862069,36.576,0.196964827464341,"historic"
116,196,4,0,12,2,2,0,5,1,0,0,0,0,0,0,0,0,2,0,0,0,0,24,"1986-11-01",105,"1986-11-15","1986-11-01",7.87931034482759,21.6655172413793,11.9965517241379,62.484,0.180087440477157,"historic"
117,196,4,0,11,3,2,1,2,0,0,0,0,0,0,1,0,0,2,0,0,0,0,22,"1986-12-01",106,"1986-12-14","1986-12-01",2.1,14.08,6.15,6.096,0.127106268028577,"historic"
118,NA,NA,NA,NA,NA,NA,NA,NA,NA,NA,NA,NA,NA,NA,NA,NA,NA,NA,NA,NA,NA,NA,NA,"1986-12-30",NA,NA,"1986-12-30",1.81034482758621,9.96551724137931,2.32413793103448,11.176,0.150965880128243,"historic"
119,196,4,0,12,2,3,4,2,0,0,2,0,0,0,0,0,0,4,0,0,0,0,29,"1987-01-29",107,"1987-01-31","1987-01-29",-3.7,11.77,2.36333333333333,0.508,0.13800163564353,"historic"
120,196,4,0,11,3,3,0,1,0,0,1,0,0,0,0,0,0,1,0,0,0,0,20,"1987-02-27",108,"1987-03-01","1987-02-27",1.76896551724138,15.6241379310345,5.81034482758621,25.676,0.145368338466782,"historic"
121,196,4,0,9,3,2,2,3,0,0,2,0,0,0,0,2,0,2,0,0,0,0,25,"1987-03-29",109,"1987-04-04","1987-03-29",4.84666666666667,18.2633333333333,9.85666666666667,3.556,0.123183388843142,"historic"
122,196,4,0,11,1,3,2,2,0,0,3,0,0,0,1,1,0,0,0,0,0,0,24,"1987-04-27",110,"1987-04-25","1987-04-27",8.19655172413793,22.1758620689655,16.0172413793103,17.78,0.186233795543276,"historic"
123,196,4,0,10,3,2,2,3,0,0,0,0,0,0,1,1,0,1,0,0,0,0,23,"1987-05-27",111,"1987-05-28","1987-05-27",11.54,25.72,18.2366666666667,9.652,0.181242027152547,"historic"
124,196,4,0,14,4,3,1,1,0,0,1,0,0,0,1,0,0,2,0,0,0,0,27,"1987-06-25",112,"1987-06-30","1987-06-25",14.7793103448276,30.5793103448276,24.9379310344828,7.112,0.153756717632076,"historic"
125,196,4,0,13,4,2,2,2,0,0,1,0,0,0,0,1,0,2,0,0,1,0,28,"1987-07-25",113,"1987-07-25","1987-07-25",19.1933333333333,34.4433333333333,27.5766666666667,18.288,0.148852194375029,"historic"
126,196,4,0,12,3,2,2,3,0,0,1,0,0,0,1,0,0,1,0,0,0,0,25,"1987-08-24",114,"1987-08-25","1987-08-24",19.72,31.1633333333333,22.33,106.426,0.204076970316754,"historic"
127,196,4,0,8,2,2,3,2,1,0,0,0,0,0,1,1,0,1,0,0,0,0,21,"1987-09-22",115,"1987-09-26","1987-09-22",14.2,27.5379310344828,19.248275862069,45.72,0.239329060049445,"historic"
128,196,4,0,9,2,2,1,1,0,0,4,1,0,0,0,0,0,1,0,0,2,0,23,"1987-10-22",116,"1987-10-24","1987-10-22",11.57,25.8033333333333,16.0433333333333,29.718,0.17258757766942,"historic"
129,196,4,0,12,3,1,2,5,1,0,7,1,0,0,1,0,0,5,0,0,0,0,38,"1987-11-20",117,"1987-11-21","1987-11-20",9.91034482758621,23.1241379310345,9.46551724137931,7.62,0.158601710740715,"historic"
130,NA,NA,NA,NA,NA,NA,NA,NA,NA,NA,NA,NA,NA,NA,NA,NA,NA,NA,NA,NA,NA,NA,NA,"1987-12-20",NA,NA,"1987-12-20",3.88666666666667,17.0166666666667,3.99,38.354,0.144615843812009,"historic"
131,196,4,0,11,3,1,1,0,1,0,2,0,0,0,1,0,0,3,0,0,1,0,24,"1988-01-18",118,"1988-01-23","1988-01-18",3.04827586206897,14.3758620689655,2.7448275862069,30.48,0.130629976883304,"historic"
132,196,4,0,13,2,1,1,1,2,0,2,0,0,0,0,0,0,2,0,0,1,0,25,"1988-02-17",119,"1988-02-21","1988-02-17",-1.16333333333333,13.4433333333333,4.41333333333333,24.638,0.116644109954599,"historic"
133,196,4,0,15,4,1,1,2,0,0,1,0,0,0,0,1,0,4,0,0,0,0,29,"1988-03-17",120,"1988-03-20","1988-03-17",5.65862068965517,19.6413793103448,9.82758620689655,17.78,0.14346314448015,"historic"
134,196,4,0,6,4,1,2,4,2,0,0,1,0,0,0,1,0,1,0,0,1,0,23,"1988-04-16",121,"1988-04-17","1988-04-16",12.9,27.8733333333333,15.7241379310345,16.51,0.142674078053188,"historic"
135,196,4,0,11,3,2,2,0,1,0,0,0,0,0,0,1,0,0,0,0,1,0,21,"1988-05-15",122,"1988-05-14","1988-05-15",13.2827586206897,27.3620689655172,19.9034482758621,6.35,0.153335937280137,"historic"
136,196,4,0,10,3,2,2,4,0,0,1,0,0,0,0,1,0,0,0,0,1,0,24,"1988-06-14",123,"1988-06-11","1988-06-14",17.0166666666667,31.4766666666667,25.73,0.254,0.129356199018796,"historic"
137,196,4,0,10,2,2,3,0,3,0,1,0,0,0,0,1,0,0,0,0,1,0,23,"1988-07-13",124,"1988-07-14","1988-07-13",18.6551724137931,32.3103448275862,25.1586206896552,68.072,0.143224419619804,"historic"
138,196,4,0,10,4,2,1,0,1,0,1,0,0,0,0,2,0,1,0,0,0,0,22,"1988-08-12",125,"1988-08-09","1988-08-12",20.1633333333333,30.9,22.72,128.27,0.205185111821217,"historic"
139,196,4,0,9,1,0,2,0,1,0,1,0,0,0,0,2,0,0,0,0,1,0,17,"1988-09-10",126,"1988-09-11","1988-09-10",17.1103448275862,29.748275862069,20.7034482758621,64.008,0.277181104205688,"historic"
140,196,4,0,14,2,1,0,0,1,0,0,0,0,0,0,0,0,0,0,0,0,0,18,"1988-10-10",127,"1988-10-08","1988-10-10",14.0933333333333,27.4833333333333,16.3533333333333,38.862,0.239606353706847,"historic"
141,196,4,0,14,1,1,1,1,2,0,3,0,1,0,0,0,0,2,0,0,2,0,28,"1988-11-09",128,"1988-11-05","1988-11-09",12.1833333333333,25.5966666666667,11.6533333333333,50.546,0.162904252082196,"historic"
142,196,4,0,14,2,1,0,1,2,0,4,0,0,0,0,0,1,5,0,0,1,0,31,"1988-12-08",129,"1988-12-13","1988-12-08",4.16206896551724,17.4896551724138,3.10689655172414,8.89,0.1590326082796,"historic"
143,196,4,0,12,1,1,1,3,0,0,4,0,0,0,0,0,0,3,0,0,3,0,28,"1989-01-07",130,"1989-01-10","1989-01-07",1.83,13.9266666666667,1.74137931034483,42.164,0.155160964477004,"historic"
144,196,4,0,16,1,0,0,2,0,0,5,0,0,0,0,0,0,9,0,0,2,0,35,"1989-02-06",131,"1989-02-04","1989-02-06",2.39,15.19,2.70333333333333,8.636,0.151289320674408,"historic"
145,196,4,0,9,1,1,1,1,0,0,2,0,0,0,2,0,0,6,0,0,2,0,25,"1989-03-07",132,"1989-03-12","1989-03-07",5.98965517241379,18.8827586206897,8.7551724137931,7.924,0.147417676871812,"historic"
146,196,4,0,9,2,1,2,0,1,0,2,0,0,0,0,1,0,4,0,0,1,0,23,"1989-04-05",133,"1989-04-01","1989-04-05",7.66551724137931,24.7965517241379,16.2896551724138,14.224,0.143546033069216,"historic"
147,196,4,0,10,2,0,3,1,1,0,1,0,0,0,0,0,0,2,0,0,1,0,21,"1989-05-05",134,"1989-05-09","1989-05-05",13.7566666666667,29.0566666666667,22.11,0,0.13967438926662,"historic"
148,196,4,0,12,2,0,1,0,0,0,1,0,0,0,0,0,0,5,0,0,1,0,22,"1989-06-03",135,"1989-06-03","1989-06-03",14.7758620689655,30.3413793103448,24.3241379310345,2.794,0.130747542713673,"historic"
149,196,4,0,9,2,0,3,0,2,0,0,0,0,0,0,1,0,2,0,0,1,0,20,"1989-07-02",136,"1989-07-03","1989-07-02",18.3651724137931,36.2158620689655,28.3407416003537,0,0.126459510325729,"historic"
150,196,4,0,17,2,0,1,0,2,0,0,0,0,0,0,0,0,1,0,0,0,0,23,"1989-08-01",137,"1989-07-29","1989-08-01",19.488,34.5856666666667,26.6381805555556,93.218,0.135067923894402,"historic"
151,196,4,0,8,4,0,1,0,1,0,0,0,0,0,0,0,0,0,0,0,0,0,14,"1989-08-30",138,"1989-09-03","1989-08-30",17.7972413793103,30.9879310344828,23.9656034482759,24.13,0.304356042499078,"historic"
152,196,4,0,11,4,1,1,0,2,0,1,1,0,0,0,0,0,1,0,0,1,0,23,"1989-09-29",139,"1989-10-07","1989-09-29",15.3376666666667,31.2596666666667,22.9893055555556,15.494,0.251401240185768,"historic"
153,196,4,0,13,5,1,1,0,1,0,2,1,0,0,0,0,0,4,0,1,0,0,29,"1989-10-29",140,"1989-11-04","1989-10-29",10.5063,26.1833333333333,17.9765861111111,28.702,0.217629928584163,"historic"
154,196,4,0,17,6,1,1,0,0,0,3,0,0,0,0,0,0,7,0,1,0,0,36,"1989-11-28",141,"1989-12-04","1989-11-28",4.2106,21.4543333333333,12.4115513888889,0,0.192319587668752,"historic"
155,196,4,0,15,6,2,1,0,0,0,1,0,0,0,0,0,0,1,0,0,0,0,26,"1989-12-27",142,"1990-01-06","1989-12-27",-1.39455172413793,14.9575862068966,5.92030028735632,0,0.167009246753341,"historic"
156,196,4,0,16,5,1,0,0,0,0,0,0,0,0,0,0,0,2,0,0,0,0,24,"1990-01-26",143,"1990-01-29","1990-01-26",-0.9246,14.0472,5.96981805555556,12.7,0.14169890583793,"historic"
157,196,4,0,20,6,1,1,0,1,0,0,0,0,0,0,0,0,3,0,0,0,0,32,"1990-02-25",144,"1990-02-24","1990-02-25",-0.523133333333333,15.7903333333333,7.35873888888889,16.764,0.116388564922518,"historic"
158,196,4,0,19,7,1,1,1,1,0,2,0,0,0,0,0,0,2,0,0,0,0,34,"1990-03-26",145,"1990-03-29","1990-03-26",5.586,20.9896551724138,13.2235445402299,8.636,0.091078224007107,"historic"
159,196,4,0,20,8,1,1,0,0,0,0,0,0,0,0,0,0,0,0,2,0,0,32,"1990-04-24",146,"1990-04-24","1990-04-24",9.36168965517241,24.7786206896552,17.3918376436782,3.556,0.104751843610108,"historic"
160,196,4,0,17,5,1,1,0,0,0,0,0,0,0,0,0,0,0,0,0,0,0,24,"1990-05-24",147,"1990-05-23","1990-05-24",12.1162666666667,28.278,20.9731541666667,3.556,0.113021688714915,"historic"
161,196,4,0,19,6,1,0,0,0,0,0,0,0,0,0,0,0,0,0,0,0,0,26,"1990-06-22",148,"1990-06-21","1990-06-22",17.5986206896552,35.0110344827586,27.108117816092,7.874,0.115032197092117,"historic"
162,196,4,0,17,4,1,0,1,2,0,0,0,0,0,0,0,0,0,0,0,0,0,25,"1990-07-21",149,"1990-07-21","1990-07-21",20.4472413793103,34.2537931034483,26.9062931034483,70.866,0.134831537404968,"historic"
163,196,4,0,17,5,1,0,0,1,0,0,0,0,0,0,0,0,0,0,0,0,0,24,"1990-08-20",150,"1990-08-16","1990-08-20",17.1163333333333,29.2416666666667,22.6538472222222,83.058,0.193543087496714,"historic"
164,196,4,0,14,3,0,1,0,0,0,0,0,0,0,0,0,0,0,0,0,0,0,18,"1990-09-18",151,"1990-09-22","1990-09-18",17.7148275862069,32.23,24.7725143678161,7.112,0.252254637588461,"historic"
165,196,4,0,23,3,0,1,0,0,0,0,0,0,0,0,0,0,0,0,0,0,0,27,"1990-10-18",152,"1990-10-15","1990-10-18",12.6641,26.2193333333333,19.0411194444444,53.086,0.186457067151852,"historic"
166,196,4,0,20,2,0,1,0,1,0,0,0,0,0,0,0,0,0,0,0,0,0,24,"1990-11-17",153,"1990-11-10","1990-11-17",6.1551,22.342,14.0908083333333,30.48,0.178389897510856,"historic"
167,196,4,0,25,3,0,1,6,2,0,0,0,0,0,0,0,0,1,0,0,0,0,38,"1990-12-16",154,"1990-12-15","1990-12-16",2.67744827586207,17.1348275862069,9.2617341954023,31.75,0.170358194659889,"historic"
168,196,4,0,21,3,0,1,1,0,0,0,0,0,0,0,0,0,6,0,0,0,0,32,"1991-01-15",155,"1991-01-11","1991-01-15",0.130333333333333,12.5542,5.67940138888889,26.924,0.162326491808922,"historic"
169,196,4,0,22,5,0,0,1,0,0,0,0,0,0,0,0,0,0,0,0,0,0,28,"1991-02-14",156,"1991-02-16","1991-02-14",1.02376666666667,14.7855666666667,7.42204861111111,27.432,0.154294788957955,"historic"
170,196,4,0,23,4,0,0,0,0,0,0,0,0,0,0,0,0,1,0,0,0,0,28,"1991-03-16",157,"1991-03-13","1991-03-16",3.37366666666667,17.915,10.7348180555556,22.098,0.146263086106988,"historic"
171,196,4,0,13,5,0,2,0,0,0,1,0,0,0,0,0,0,0,0,0,0,0,21,"1991-04-14",158,"1991-04-19","1991-04-14",3.96593103448276,20.7613793103448,12.7237270114943,13.208,0.138231383256021,"historic"
172,196,4,0,12,3,0,1,1,0,0,0,0,0,0,0,2,0,1,0,0,0,0,20,"1991-05-13",159,"1991-05-13","1991-05-13",8.91720689655172,26.5627586206897,18.5229181034483,0,0.164657447662509,"historic"
173,196,4,0,13,4,0,0,1,0,0,0,0,0,0,0,0,0,0,0,0,0,0,18,"1991-06-12",160,"1991-06-13","1991-06-12",13.5393333333333,30.237,22.3005555555556,12.192,0.14257406210577,"historic"
174,196,4,0,12,3,0,1,0,1,0,0,0,0,0,0,3,0,1,0,0,0,0,21,"1991-07-11",161,"1991-07-12","1991-07-11",17.6748275862069,34.8793103448276,26.5267816091954,27.686,0.142366210799166,"historic"
175,196,4,0,15,1,0,0,0,1,0,0,1,0,0,0,2,0,1,0,0,0,0,21,"1991-08-09",162,"1991-08-07","1991-08-09",18.4962068965517,32.17,24.8137643678161,55.372,0.152454426105582,"historic"
176,196,4,0,13,1,0,0,0,2,0,0,1,0,0,0,1,0,0,0,0,0,0,18,"1991-09-08",163,"1991-09-09","1991-09-08",17.8943333333333,32.18,24.4948194444444,36.068,0.219089619281589,"historic"
177,196,4,0,12,2,0,0,0,2,0,2,3,0,0,0,1,0,2,0,0,0,0,24,"1991-10-07",164,"1991-10-10","1991-10-07",14.4896551724138,28.6089655172414,21.2087068965517,34.29,0.159496462851435,"historic"
178,196,4,0,16,2,0,0,0,4,0,1,2,0,0,0,0,0,5,0,0,0,0,30,"1991-11-06",165,"1991-11-13","1991-11-06",1.94166666666667,20.958,14.2900696286472,18.7,0.156891295051841,"historic"
179,196,4,0,15,5,0,0,0,4,0,0,1,0,0,0,0,0,2,0,0,0,0,27,"1991-12-05",166,"1991-12-07","1991-12-05",-3.54827586206897,12.6655172413793,6.76551724137931,32.6,0.158365706646558,"historic"
180,196,4,0,12,2,0,0,1,3,0,0,0,0,0,0,0,0,2,0,0,0,0,20,"1992-01-04",167,"1992-01-08","1992-01-04",2.76476666666667,12.4250666666667,7.03037916666667,104.394,0.159840118241275,"historic"
181,196,4,0,14,2,0,0,0,3,0,1,0,0,0,0,0,0,2,0,0,0,0,22,"1992-02-03",168,"1992-02-06","1992-02-03",-0.3741,10.8266666666667,4.89482222222222,26.67,0.161314529835993,"historic"
182,196,4,0,16,1,0,0,1,0,0,3,0,0,0,0,0,0,3,0,0,0,0,24,"1992-03-04",169,"1992-03-07","1992-03-04",3.4268,16.2276666666667,9.4986875,20.574,0.16278894143071,"historic"
183,196,4,0,21,1,0,0,1,0,0,1,2,0,0,0,0,0,0,0,0,0,0,26,"1992-04-02",170,"1992-04-04","1992-04-02",5.08931034482759,18.9703448275862,11.8828275862069,34.544,0.164263353025427,"historic"
184,196,4,0,17,0,0,0,1,0,0,0,0,0,0,0,0,0,0,0,0,0,0,18,"1992-05-02",171,"1992-05-02","1992-05-02",10.4631666666667,27.1796666666667,19.1004875,3.81,0.230163272331322,"historic"
185,196,4,0,15,0,1,0,0,0,0,0,0,0,0,0,0,0,0,0,0,0,0,16,"1992-05-31",172,"1992-05-30","1992-05-31",12.181724137931,26.2979310344828,18.8003735632184,66.294,0.200472810943726,"historic"
186,196,4,0,15,0,1,0,0,1,0,0,0,0,0,0,4,0,1,0,0,0,0,22,"1992-06-30",173,"1992-07-03","1992-06-30",16.3103333333333,34.1686666666667,25.7697361111111,10.16,0.199622301134082,"historic"
187,196,4,0,10,2,0,0,0,1,0,0,0,0,0,0,3,0,0,0,0,0,0,16,"1992-07-29",174,"1992-07-30","1992-07-29",18.4755172413793,34.4048275862069,26.2771982758621,52.07,0.196479978862469,"historic"
188,196,4,0,10,1,1,0,1,2,0,0,1,0,0,0,7,0,0,0,0,0,0,23,"1992-08-27",175,"1992-08-29","1992-08-27",18.0462068965517,32.1551724137931,24.6574425287356,54.864,0.134523789529263,"historic"
189,196,4,0,14,1,1,0,0,0,0,0,3,0,0,0,8,0,1,0,0,0,1,29,"1992-09-26",176,"1992-09-26","1992-09-26",9.15633333333333,27.0173333333333,24.2765092592593,42.908,0.139559935519308,"historic"
190,196,4,0,16,1,1,0,1,0,0,0,3,0,0,0,1,0,2,0,0,0,0,25,"1992-10-25",177,"1992-10-18","1992-10-25",12.6520689655172,28.9565517241379,20.2094827586207,5.08,0.176925417010462,"historic"
191,NA,NA,NA,NA,NA,NA,NA,NA,NA,NA,NA,NA,NA,NA,NA,NA,NA,NA,NA,NA,NA,NA,NA,"1992-11-24",NA,NA,"1992-11-24",4.88133333333333,19.517,11.6844597222222,11.938,0.153225105785688,"historic"
192,196,4,0,12,0,1,0,1,0,0,0,0,0,0,0,0,0,0,0,0,0,0,14,"1992-12-23",178,"1992-12-21","1992-12-23",-0.878034482758621,11.8664827586207,4.94784913793103,45.466,0.12203251482211,"historic"
193,196,4,0,11,0,1,0,1,0,0,0,0,0,0,0,0,0,0,0,0,0,0,13,"1993-01-22",179,"1993-01-23","1993-01-22",3.90596666666667,14.199,8.73092777777778,60.706,0.141991249154899,"historic"
194,196,4,0,10,0,1,0,1,0,0,0,1,0,0,0,0,0,0,0,0,0,0,13,"1993-02-21",180,"1993-02-19","1993-02-21",1.78616666666667,15.364,8.03882222222222,17.526,0.148317109804212,"historic"
195,196,4,0,23,0,1,0,0,1,0,0,1,0,0,0,2,0,0,0,0,0,0,28,"1993-03-23",181,"1993-03-17","1993-03-23",4.11956666666667,19.787,11.9288319444444,1.778,0.151173326947439,"historic"
196,196,4,0,8,0,0,0,0,0,0,0,0,0,0,0,6,0,1,0,0,0,0,15,"1993-04-21",182,"1993-04-23","1993-04-21",6.24648275862069,23.3841379310345,15.1786465517241,5.334,0.193208344848061,"historic"
197,196,4,0,10,1,0,0,0,1,0,1,1,0,0,0,1,0,0,0,0,0,0,15,"1993-05-21",183,"1993-05-22","1993-05-21",12.727,29.6506666666667,21.6803055555556,0.762,0.167187140106184,"historic"
198,196,4,0,10,0,0,0,0,0,0,0,0,0,0,0,3,0,0,0,0,0,0,13,"1993-06-19",184,"1993-06-18","1993-06-19",15.6593103448276,33.2903448275862,25.0129597701149,10.414,0.154765085575991,"historic"
199,196,4,0,9,0,0,0,0,0,0,0,3,0,0,0,1,0,1,0,0,0,0,14,"1993-07-19",185,"1993-07-14","1993-07-19",19.6953333333333,34.9333333333333,27.2280277777778,16.51,0.140408486322099,"historic"
200,196,4,0,12,0,0,0,0,0,0,0,3,0,0,0,2,0,0,0,0,0,0,17,"1993-08-17",186,"1993-08-19","1993-08-17",19.7827586206897,34.8727586206897,26.8926724137931,0,0.139216582064231,"historic"
201,196,4,0,7,0,0,0,0,0,0,0,2,0,0,0,0,0,0,0,0,0,0,9,"1993-09-15",187,"1993-09-16","1993-09-15",17.1868965517241,30.3503448275862,23.2730603448276,47.498,0.157034993159464,"historic"
202,196,4,0,12,0,0,0,0,0,0,0,2,0,0,0,0,0,0,0,0,0,0,14,"1993-10-15",188,"1993-10-15","1993-10-15",14.3173333333333,30.2946666666667,22.0568055555556,2.032,0.161238653841818,"historic"
203,196,4,0,11,0,0,1,0,1,0,0,0,0,0,0,0,0,0,0,0,0,0,13,"1993-11-13",189,"1993-11-13","1993-11-13",5.87010344827586,21.3603448275862,13.327617816092,8.636,0.146647926112215,"historic"
204,196,4,0,9,0,0,0,1,0,0,0,0,0,0,0,0,0,1,0,0,0,0,11,"1993-12-13",190,"1993-12-14","1993-12-13",2.3584,17.4626666666667,9.11854305555556,26.924,0.127912375195343,"historic"
205,196,4,0,12,0,0,0,0,0,0,0,0,0,0,0,0,0,0,0,0,0,0,12,"1994-01-11",191,"1994-02-01","1994-01-11",0.358448275862069,14.5979310344828,6.88422988505747,10.922,0.113628843658704,"historic"
206,196,4,0,17,0,0,0,0,0,0,0,0,0,0,0,0,0,1,0,0,0,0,18,"1994-02-10",192,"1994-02-20","1994-02-10",0.405933333333333,15.5697,7.38835833333333,17.018,0.105520168762937,"historic"
207,196,4,0,17,0,0,0,0,2,0,0,0,0,0,0,0,0,0,0,0,0,0,19,"1994-03-12",193,"1994-03-11","1994-03-12",3.99663333333333,18.9876666666667,11.2886097222222,3.048,0.110851547247466,"historic"
208,196,4,0,19,0,0,0,0,0,0,0,1,0,0,0,0,0,0,0,0,0,0,20,"1994-04-10",194,"1994-04-10","1994-04-10",7.50241379310345,22.2665517241379,14.9931451149425,12.192,0.104079883814518,"historic"
209,196,4,0,14,0,0,0,0,0,0,0,0,0,0,0,0,0,0,0,0,0,0,14,"1994-05-10",195,"1994-05-18","1994-05-10",10.3977333333333,26.9113333333333,19.1400375,3.556,0.11173254714045,"historic"
210,196,4,0,10,0,0,0,0,0,0,0,1,0,0,0,0,0,0,0,0,0,0,11,"1994-06-09",196,"1994-06-14","1994-06-09",15.665,32.485,24.5587638888889,3.048,0.114720868235202,"historic"
211,196,4,0,8,0,0,0,0,0,0,0,0,0,0,0,0,0,0,0,0,0,0,8,"1994-07-08",197,"1994-07-08","1994-07-08",21.8196551724138,37.6572413793103,30.0727873563218,3.556,0.114143183698252,"historic"
212,196,4,0,8,0,0,0,2,0,0,0,1,0,0,0,0,0,0,0,0,0,0,11,"1994-08-07",198,"1994-08-17","1994-08-07",20.9743333333333,36.2166666666667,28.4607361111111,18.796,0.113930209685671,"historic"
213,196,4,0,9,0,0,0,0,0,0,0,0,0,0,0,0,0,0,0,0,0,0,9,"1994-09-05",199,"1994-09-06","1994-09-05",19.7155172413793,33.7624137931034,26.1839798850575,47.244,0.107007701054067,"historic"
214,196,4,0,13,0,0,0,0,0,0,0,4,0,0,0,0,0,0,0,0,0,0,17,"1994-10-04",200,"1994-10-12","1994-10-04",17.0193103448276,31.3741379310345,23.9333764367816,11.684,0.144552727411583,"historic"
215,196,4,0,11,0,0,0,0,0,0,0,2,0,0,0,0,0,0,0,0,0,0,13,"1994-11-03",201,"1994-11-01","1994-11-03",10.1589666666667,24.9003333333333,17.3371333333333,13.208,0.122554974732168,"historic"
216,196,4,0,10,0,0,0,0,0,0,0,0,0,0,0,0,0,0,0,0,0,0,10,"1994-12-02",202,"1994-12-04","1994-12-02",2.88762068965517,17.2265517241379,9.73362068965517,63.754,0.100030137871354,"historic"
217,196,4,0,9,0,0,0,0,0,0,0,0,0,0,0,0,0,0,0,0,0,0,9,"1995-01-01",203,"1995-01-11","1995-01-01",2.30163333333333,13.775,7.52309861111111,77.47,0.12549018521449,"historic"
218,196,4,0,10,0,0,0,0,0,0,0,0,0,0,0,0,0,0,0,0,0,0,10,"1995-01-30",204,"1995-02-04","1995-01-30",1.40268965517241,13.6502068965517,6.92859626436782,21.082,0.132041776411429,"historic"
219,196,4,0,13,0,0,0,0,0,0,0,1,0,0,0,0,0,1,0,0,0,0,15,"1995-03-01",205,"1995-03-04","1995-03-01",5.00006666666667,18.404,11.3269277777778,21.336,0.226775330179968,"historic"
220,196,4,0,19,0,0,0,0,0,0,0,2,0,0,0,0,0,0,0,0,0,0,21,"1995-03-30",206,"1995-04-01","1995-03-30",4.60586206896552,20.1531034482759,12.5276752873563,16.002,0.316364119283957,"historic"
221,196,4,0,17,0,0,0,0,0,0,0,1,0,0,0,0,0,0,0,0,0,0,18,"1995-04-29",207,"1995-04-29","1995-04-29",6.0636,23.7173333333333,15.3380125,1.524,0.293348942837374,"historic"
222,196,4,0,22,0,0,0,1,0,0,0,0,0,0,0,1,0,0,0,0,0,0,24,"1995-05-29",208,"1995-06-07","1995-05-29",11.2770666666667,27.761,20.4020097222222,2.54,0.192513852463088,"historic"
223,196,4,0,19,0,0,0,0,0,0,0,1,0,0,0,0,0,0,0,0,0,0,20,"1995-06-27",209,"1995-06-27","1995-06-27",16.1503448275862,33.7672413793103,25.8065373563218,0,0.181814753998443,"historic"
224,196,4,0,23,0,0,0,0,0,0,0,3,0,0,0,1,0,0,0,0,0,0,27,"1995-07-27",210,"1995-07-20","1995-07-27",19.5943333333333,35.155,27.441875,39.116,0.185425452167197,"historic"
225,196,4,0,17,0,0,0,2,1,0,0,2,0,0,0,5,0,0,0,0,0,0,27,"1995-08-25",211,"1995-08-26","1995-08-25",20.501724137931,35.5748275862069,27.9051436781609,27.94,0.176543245869945,"historic"
226,196,4,0,19,1,0,0,0,2,0,0,8,0,0,0,8,0,0,0,0,0,0,38,"1995-09-24",212,"1995-09-23","1995-09-24",17.3136666666667,32.1543333333333,24.3610277777778,60.96,0.198027258546423,"historic"
227,196,4,0,20,0,0,0,0,1,0,0,11,0,0,0,5,0,1,0,0,0,0,38,"1995-10-23",213,"1995-10-28","1995-10-23",12.0335862068966,29.2755172413793,20.4440517241379,12.7,0.2476573857293,"historic"
228,196,4,0,21,0,0,0,0,1,0,0,6,0,0,0,1,0,1,0,0,0,0,30,"1995-11-22",214,"1995-12-02","1995-11-22",7.75276666666667,23.6306666666667,15.0525777777778,7.62,0.205894254319399,"historic"
229,196,4,0,16,0,0,0,0,4,0,0,5,0,0,0,1,0,1,0,0,0,0,27,"1995-12-21",215,"1995-12-21","1995-12-21",3.59886206896552,19.3305172413793,10.6706063218391,4.064,0.178394653208049,"historic"
230,196,4,0,23,1,0,0,0,0,0,0,5,0,0,0,0,0,1,0,0,0,0,30,"1996-01-20",216,"1996-01-27","1996-01-20",0.747466666666667,17.0122,7.85187224400871,0.508,0.151545115243543,"historic"
231,196,4,0,19,1,0,0,0,0,0,0,7,0,0,1,1,0,0,0,0,0,0,29,"1996-02-18",217,"1996-02-24","1996-02-18",3.82362068965517,19.6010344827586,11.2732471264368,6.35,0.147370661304985,"historic"
232,196,4,0,10,2,0,0,0,1,0,0,1,0,0,1,3,0,1,0,0,0,0,19,"1996-03-19",218,"1996-03-23","1996-03-19",4.0105,19.6933333333333,12.1724277777778,1.778,0.104012277044494,"historic"
233,196,4,0,25,5,0,0,0,0,0,0,8,0,0,2,2,0,5,0,0,0,0,47,"1996-04-17",219,"1996-04-14","1996-04-17",7.32748275862069,23.418275862069,15.7045502873563,4.318,0.132517236417894,"historic"
234,196,4,0,13,0,0,0,0,0,0,0,2,0,0,0,0,0,0,0,0,0,0,15,"1996-05-17",220,"1996-05-23","1996-05-17",13.879,32.2416666666667,23.8743041666667,0,0.114704698985461,"historic"
235,196,4,0,18,3,0,0,1,0,0,0,7,0,0,2,3,0,0,0,0,0,0,34,"1996-06-15",221,"1996-06-13","1996-06-15",17.3306896551724,34.0093103448276,26.3704454022988,26.162,0.124612390377545,"historic"
236,196,4,0,12,1,0,0,0,2,0,0,6,0,0,0,2,0,0,0,0,0,0,23,"1996-07-15",222,"1996-07-20","1996-07-15",19.5726666666667,35.07,26.8715,67.31,0.161002011846073,"historic"
237,196,4,0,9,1,0,0,0,0,0,0,2,0,0,0,8,0,0,0,0,0,0,20,"1996-08-14",223,"1996-08-14","1996-08-14",19.33,33.9656666666667,26.3999444444444,52.324,0.218312261568279,"historic"
238,196,4,0,17,2,0,0,0,4,0,0,7,0,0,0,5,0,0,0,0,0,0,35,"1996-09-12",224,"1996-09-21","1996-09-12",17.7558620689655,31.8634482758621,24.1762931034483,21.844,0.183100992812379,"historic"
239,196,4,0,19,1,0,0,0,6,0,0,6,0,0,0,2,0,0,0,0,0,0,34,"1996-10-12",225,"1996-10-12","1996-10-12",14.4936666666667,29.6286666666667,21.7910694444444,34.798,0.199930338872474,"historic"
240,196,4,0,19,1,0,0,0,2,0,0,7,0,0,1,0,0,1,0,0,0,0,31,"1996-11-10",226,"1996-11-16","1996-11-10",5.99,21.44,13.5512658045977,43.942,0.135192563081009,"historic"
241,196,4,0,20,2,0,0,0,1,0,0,2,0,0,1,0,0,0,0,0,0,0,26,"1996-12-10",227,"1996-12-18","1996-12-10",4.1954,19.1153333333333,11.1145180555556,6.858,0.144439210881664,"historic"
242,NA,NA,NA,NA,NA,NA,NA,NA,NA,NA,NA,NA,NA,NA,NA,NA,NA,NA,NA,NA,NA,NA,NA,"1997-01-08",NA,NA,"1997-01-08",0.371448275862069,14.7720344827586,6.91655172413793,11.938,0.106485925727371,"historic"
243,196,4,0,36,5,0,0,0,6,0,0,4,0,1,2,0,0,4,0,0,0,0,58,"1997-02-07",228,"1997-02-08","1997-02-07",1.03236666666667,15.022,7.5957625,13.97,0.164810605602213,"historic"
244,196,4,0,40,3,0,0,0,4,0,0,6,0,0,2,1,0,5,0,0,0,0,61,"1997-03-08",229,"1997-03-15","1997-03-08",2.17720689655172,17.2270689655172,9.34639942528736,40.64,0.139719042570143,"historic"
245,196,4,0,29,3,0,0,0,8,0,0,5,0,0,3,7,0,3,0,0,0,0,58,"1997-04-07",230,"1997-04-12","1997-04-07",6.83663333333333,22.739,14.8487152777778,3.048,0.18624117246142,"historic"
246,196,4,0,25,4,0,0,0,7,1,1,3,0,0,2,7,0,0,0,0,0,0,50,"1997-05-06",231,"1997-05-10","1997-05-06",10.3155862068966,26.4044827586207,18.9308390804598,2.794,0.146311745627002,"historic"
247,196,4,0,29,2,0,1,0,5,2,0,4,0,0,3,8,0,0,0,0,0,0,54,"1997-06-05",232,"1997-06-09","1997-06-05",15.6956666666667,31.5266666666667,23.5794305555556,32.004,0.147311904724578,"historic"
248,196,4,0,23,5,0,0,0,6,2,0,5,0,0,5,8,0,0,0,0,0,0,54,"1997-07-04",233,"1997-07-09","1997-07-04",18.0937931034483,35.168275862069,27.4351005747126,2.286,0.146907410856636,"historic"
249,196,4,0,22,2,0,2,0,3,1,0,4,0,0,0,4,0,0,0,0,0,0,38,"1997-08-03",234,"1997-07-29","1997-08-03",19.4843333333333,34.026,26.4266666666667,40.64,0.133157445117889,"historic"
250,NA,NA,NA,NA,NA,NA,NA,NA,NA,NA,NA,NA,NA,NA,NA,NA,NA,NA,NA,NA,NA,NA,NA,"1997-09-01",NA,NA,"1997-09-01",18.7596551724138,33.2503448275862,25.5058189655172,34.29,0.192706361619326,"historic"
251,196,4,0,19,4,0,1,0,7,2,0,3,0,0,4,0,0,0,0,0,0,0,40,"1997-10-01",235,"1997-09-27","1997-10-01",18.0496666666667,32.275,24.6428611111111,27.432,0.168888153556594,"historic"
252,196,4,0,24,2,0,2,0,4,0,0,1,0,0,3,0,0,0,0,0,0,0,36,"1997-10-31",236,"1997-10-25","1997-10-31",8.60703333333333,25.032,16.5841652777778,8.89,0.151944762267122,"historic"
253,196,4,0,24,2,0,0,0,7,0,0,0,0,0,0,0,0,0,0,0,0,0,33,"1997-11-29",237,"1997-11-22","1997-11-29",5.21451724137931,19.8137931034483,11.9689109195402,16.002,0.119488483294782,"historic"
254,196,4,0,22,1,0,0,0,9,0,0,0,0,0,0,0,0,0,0,0,0,0,32,"1997-12-29",238,"1997-12-28","1997-12-29",-0.605366666666667,11.0337333333333,4.62975694444444,51.816,0.116409805270173,"historic"
255,196,4,0,28,2,0,0,0,10,0,0,0,0,0,0,0,0,0,0,0,0,0,40,"1998-01-27",239,"1998-01-31","1998-01-27",0.854724137931035,16.1989655172414,7.90447988505747,1.27,0.112263413201559,"historic"
256,196,4,0,31,6,0,0,0,6,0,0,0,0,0,0,0,0,0,0,0,0,0,43,"1998-02-26",240,"1998-03-01","1998-02-26",1.45123333333333,14.333,7.29696805555556,30.48,0.173394767483135,"historic"
257,NA,NA,NA,NA,NA,NA,NA,NA,NA,NA,NA,NA,NA,NA,NA,NA,NA,NA,NA,NA,NA,NA,NA,"1998-03-27",241,"1998-03-29","1998-03-27",3.682,19.6620689655172,11.4488505747126,17.272,0.166238090776942,"historic"
258,196,4,0,20,1,0,0,0,3,0,0,0,0,0,0,2,0,0,0,0,0,0,26,"1998-04-26",242,"1998-05-02","1998-04-26",4.6357,21.0087,13.0964875,12.7,0.181962142544205,"historic"
259,196,4,0,31,1,0,2,0,0,0,1,0,0,0,2,4,0,0,0,0,0,0,41,"1998-05-25",243,"1998-05-28","1998-05-25",5.74903448275862,26.0037931034483,22.3670795019157,0,0.145343652643157,"historic"
260,196,4,0,16,2,0,1,0,2,0,1,0,0,0,0,7,0,0,0,0,0,0,29,"1998-06-23",244,"1998-06-27","1998-06-23",7.0551724137931,29.3827586206897,27.5793103448276,4.3,0.142693617597763,"historic"
261,196,4,0,16,1,0,0,0,3,2,0,0,0,0,0,6,0,0,0,0,0,0,28,"1998-07-23",245,"1998-07-18","1998-07-23",13.4344827586207,30.6413793103448,26.9896551724138,122.2,0.158710735098034,"historic"
262,196,4,0,14,1,0,0,0,2,1,0,1,0,0,1,8,0,0,0,0,0,0,28,"1998-08-21",246,"1998-08-22","1998-08-21",12.9655172413793,28.948275862069,26.2137931034483,49.5,0.178699646847236,"historic"
263,196,4,0,16,4,0,0,0,5,1,0,0,0,0,0,8,0,0,0,0,0,0,34,"1998-09-20",247,"1998-09-19","1998-09-20",19.002,33.1306666666667,26.1762232905983,28.956,0.179614468001867,"historic"
264,196,4,0,17,2,0,0,0,2,1,0,0,0,0,0,1,0,0,0,0,0,0,23,"1998-10-20",248,"1998-10-24","1998-10-20",13.6170666666667,30.5726666666667,22.0880347222222,0,0.14347659308248,"historic"
265,196,4,0,21,2,0,0,0,2,0,0,0,0,0,0,0,0,0,0,0,0,0,25,"1998-11-18",249,"1998-11-21","1998-11-18",7.60420689655172,21.2389655172414,14.0441393678161,32.766,0.15178069832877,"historic"
266,196,4,0,24,0,0,0,0,2,0,0,0,0,0,0,0,0,0,0,0,0,0,26,"1998-12-18",250,"1998-12-22","1998-12-18",2.16906666666667,16.5548,8.92155833333333,20.574,0.182962800141474,"historic"
267,196,4,0,23,2,0,1,0,4,0,0,0,0,0,0,0,0,0,0,0,0,0,30,"1999-01-17",251,"1999-01-16","1999-01-17",1.79366666666667,17.7963333333333,9.07062083333333,0,0.195617259387298,"historic"
268,NA,NA,NA,NA,NA,NA,NA,NA,NA,NA,NA,NA,NA,NA,NA,NA,NA,NA,NA,NA,NA,NA,NA,"1999-02-15",252,"1999-02-20","1999-02-15",1.6561724137931,18.7131034482759,9.73723132183908,0,0.149531599864812,"historic"
269,196,4,0,19,5,0,0,0,3,0,0,0,0,0,0,0,0,0,0,0,0,0,27,"1999-03-17",253,"1999-03-14","1999-03-17",4.62973333333333,22.0826666666667,13.3529194444444,1.778,0.108261424711206,"historic"
270,196,4,0,24,4,0,0,0,1,0,0,0,0,0,0,2,0,0,0,0,0,0,31,"1999-04-15",254,"1999-04-17","1999-04-15",4.47234482758621,22.5710344827586,13.9274468390805,3.556,0.117179487528099,"historic"
271,196,4,0,14,3,0,0,0,2,1,0,0,0,0,1,1,0,0,0,0,0,0,22,"1999-05-15",255,"1999-05-15","1999-05-15",11.4692666666667,27.7673333333333,20.17345,0,0.094715039736151,"historic"
272,196,4,0,11,2,0,0,0,2,1,0,0,0,0,0,3,0,0,0,0,0,0,19,"1999-06-13",256,"1999-06-12","1999-06-13",14.707724137931,32.2620689655172,24.2027643678161,0,0.108231859952116,"historic"
273,NA,NA,NA,NA,NA,NA,NA,NA,NA,NA,NA,NA,NA,NA,NA,NA,NA,NA,NA,NA,NA,NA,NA,"1999-07-12",NA,NA,"1999-07-12",19.4272413793103,34.2989655172414,26.6196695402299,47.244,0.109831142266595,"historic"
274,NA,NA,NA,NA,NA,NA,NA,NA,NA,NA,NA,NA,NA,NA,NA,NA,NA,NA,NA,NA,NA,NA,NA,"1999-08-11",NA,NA,"1999-08-11",18.0523333333333,29.6453333333333,23.0574027777778,118.11,0.182289046930911,"historic"
275,196,4,0,2,0,0,0,0,0,0,0,0,0,0,0,1,0,0,0,0,0,0,3,"1999-09-09",257,"1999-09-11","1999-09-09",18.1375862068966,32.7810344827586,25.025632183908,49.784,0.255008625561802,"historic"
276,196,4,0,7,1,0,0,0,1,0,0,0,0,0,0,7,0,0,0,0,0,0,16,"1999-10-09",258,"1999-10-09","1999-10-09",14.7786666666667,30.7073333333333,22.4519166666667,22.098,0.241111717288196,"historic"
277,196,4,0,14,1,0,0,0,5,0,0,0,0,0,0,11,0,0,0,0,0,0,31,"1999-11-07",259,"1999-11-06","1999-11-07",8.04844827586207,26.511724137931,16.9727413793103,0.254,0.181069608564333,"historic"
278,196,4,0,5,1,0,0,0,1,1,0,0,0,0,0,9,0,0,0,0,0,0,17,"1999-12-07",260,"1999-12-05","1999-12-07",4.66486666666667,21.9733333333333,12.6239666666667,0,0.143517908698617,"historic"
279,196,4,0,9,2,0,0,0,0,4,0,0,0,0,0,7,0,0,0,0,1,0,23,"2000-01-06",261,"2000-01-08","2000-01-06",-0.7176,13.0698333333333,5.88267222222222,4.826,0.126726911517064,"historic"
280,196,4,0,7,1,0,0,0,2,7,0,0,0,0,0,7,0,0,0,0,0,0,24,"2000-02-05",262,"2000-02-05","2000-02-05",2.4287,19.732,10.3619375,0,0.124335522899295,"historic"
281,NA,NA,NA,NA,NA,NA,NA,NA,NA,NA,NA,NA,NA,NA,NA,NA,NA,NA,NA,NA,NA,NA,NA,"2000-03-05",263,"2000-03-04","2000-03-05",4.08896551724138,21.0210344827586,12.6094353448276,1.016,0.121302722091444,"historic"
282,NA,NA,NA,NA,NA,NA,NA,NA,NA,NA,NA,NA,NA,NA,NA,NA,NA,NA,NA,NA,NA,NA,NA,"2000-04-04",NA,NA,"2000-04-04",4.5074,21.6073333333333,13.3195236111111,4.826,0.105813584339183,"historic"
283,196,4,0,12,3,0,0,0,4,3,0,0,0,0,0,7,0,0,0,0,1,0,30,"2000-05-03",264,"2000-04-29","2000-05-03",11.7932068965517,29.4789655172414,21.0929612068966,0,0.107135444602903,"historic"
284,196,4,0,12,3,0,0,0,0,7,0,0,0,0,0,16,0,0,0,0,0,0,38,"2000-06-02",265,"2000-06-03","2000-06-02",16.6306666666667,34.1376666666667,25.9895138888889,0,0.102429293594045,"historic"
285,196,4,0,11,1,0,0,0,3,8,0,0,0,0,0,21,0,0,0,0,0,0,44,"2000-07-01",266,"2000-07-01","2000-07-01",18.5075862068966,33.1420689655172,25.7440804597701,41.402,0.108407533989948,"historic"
286,NA,NA,NA,NA,NA,NA,NA,NA,NA,NA,NA,NA,NA,NA,NA,NA,NA,NA,NA,NA,NA,NA,NA,"2000-07-30",267,"2000-07-22","2000-07-30",20.1720689655172,35.8451724137931,27.5517528735632,21.336,0.146794698758837,"historic"
287,196,4,0,14,0,0,0,0,6,13,0,0,0,0,0,11,0,0,0,0,0,0,44,"2000-08-29",268,"2000-08-25","2000-08-29",19.293,34.2286666666667,26.24,34.544,0.134911767931201,"historic"
288,196,4,0,17,0,0,0,0,4,7,0,0,0,0,0,0,0,0,0,0,0,0,28,"2000-09-27",269,"2000-09-30","2000-09-27",17.1955172413793,33.2096551724138,25.0756034482759,8.636,0.136168898924608,"historic"
289,NA,NA,NA,NA,NA,NA,NA,NA,NA,NA,NA,NA,NA,NA,NA,NA,NA,NA,NA,NA,NA,NA,NA,"2000-10-27",NA,NA,"2000-10-27",12.1170666666667,24.4703333333333,17.8582347222222,126.746,0.116034045421642,"historic"
290,196,4,0,16,0,0,0,0,6,2,0,0,0,0,0,1,0,0,0,0,0,0,25,"2000-11-25",270,"2000-11-25","2000-11-25",2.12027586206897,14.7065517241379,8.06821695402299,30.226,0.158632223712805,"historic"
291,196,4,0,13,0,0,0,0,6,1,0,0,0,0,0,0,0,0,0,0,0,0,20,"2000-12-25",271,"2000-12-22","2000-12-25",1.92363333333333,17.2906666666667,8.67838888888889,6.858,0.232710880297738,"historic"
292,NA,NA,NA,NA,NA,NA,NA,NA,NA,NA,NA,NA,NA,NA,NA,NA,NA,NA,NA,NA,NA,NA,NA,"2001-01-24",272,"2001-01-21","2001-01-24",-0.375533333333333,12.5624333333333,5.29784583333333,21.844,0.176057415848834,"historic"
293,NA,NA,NA,NA,NA,NA,NA,NA,NA,NA,NA,NA,NA,NA,NA,NA,NA,NA,NA,NA,NA,NA,NA,"2001-02-23",273,"2001-03-03","2001-02-23",0.611033333333333,16.21,8.02686805555556,10.922,0.314921050720845,"historic"
294,196,4,0,15,0,0,0,0,3,3,0,1,0,0,0,5,0,0,0,0,0,0,27,"2001-03-24",274,"2001-03-24","2001-03-24",2.92272413793103,18.4703448275862,10.7736063218391,3.048,0.299375521074878,"historic"
295,196,4,0,16,1,0,0,0,4,0,0,1,0,0,1,2,0,0,0,0,0,0,25,"2001-04-23",275,"2001-04-21","2001-04-23",7.58296666666667,24.5456666666667,16.4949166666667,13.208,0.220522855571349,"historic"
296,196,4,0,24,1,0,2,0,0,2,0,1,0,0,0,5,0,0,0,0,0,0,35,"2001-05-22",276,"2001-05-26","2001-05-22",13.4896551724138,30.0696551724138,22.0801724137931,9.652,0.174618470322165,"historic"
297,NA,NA,NA,NA,NA,NA,NA,NA,NA,NA,NA,NA,NA,NA,NA,NA,NA,NA,NA,NA,NA,NA,NA,"2001-06-21",277,"2001-06-25","2001-06-21",18.453,36.1423333333333,27.7643333333333,0,0.149144424902022,"historic"
298,NA,NA,NA,NA,NA,NA,NA,NA,NA,NA,NA,NA,NA,NA,NA,NA,NA,NA,NA,NA,NA,NA,NA,"2001-07-20",278,"2001-07-21","2001-07-20",19.0693103448276,34.0603448275862,25.9574856321839,60.452,0.157375053671128,"historic"
299,196,4,0,20,0,0,0,0,3,12,1,2,0,0,0,10,0,0,0,0,0,0,48,"2001-08-18",279,"2001-08-25","2001-08-18",18.918275862069,32.8841379310345,25.1411781609195,56.388,0.170900971248138,"historic"
300,196,4,0,21,1,0,0,0,5,10,0,1,0,0,0,8,0,0,0,0,0,0,46,"2001-09-17",280,"2001-09-22","2001-09-17",17.987,33.373,25.7126944444444,16.002,0.212552198481477,"historic"
301,196,4,0,20,2,0,1,0,7,10,0,5,0,0,0,4,0,0,0,0,0,0,49,"2001-10-16",281,"2001-10-13","2001-10-16",13.2889310344828,29.1772413793103,20.950908045977,6.35,0.185858722751762,"historic"
302,196,4,0,20,6,0,2,0,5,9,0,0,0,0,0,1,0,0,0,0,0,0,43,"2001-11-14",282,"2001-11-17","2001-11-14",11.7383793103448,27.0334482758621,18.9632600574713,4.572,0.145535709530739,"historic"
303,NA,NA,NA,NA,NA,NA,NA,NA,NA,NA,NA,NA,NA,NA,NA,NA,NA,NA,NA,NA,NA,NA,NA,"2001-12-14",283,"2001-12-15","2001-12-14",1.04373333333333,16.0517,8.13284305555556,2.794,0.127141997486361,"historic"
304,NA,NA,NA,NA,NA,NA,NA,NA,NA,NA,NA,NA,NA,NA,NA,NA,NA,NA,NA,NA,NA,NA,NA,"2002-01-13",284,"2002-01-12","2002-01-13",0.4798,15.5763333333333,7.23405138888889,3.302,0.126928138925167,"historic"
305,196,4,0,17,3,0,2,0,2,5,0,0,0,0,0,1,0,0,0,0,0,0,30,"2002-02-12",285,"2002-02-09","2002-02-12",0.3855,14.2444666666667,7.55744444444444,23.876,0.124408816843804,"historic"
306,196,4,0,22,7,0,0,0,4,5,0,2,0,0,0,3,0,0,0,0,0,0,43,"2002-03-13",286,"2002-03-13","2002-03-13",-3.88275862068966,17.6379310344828,15.1931034482759,4.9,0.122206692095739,"historic"
307,196,4,0,17,8,0,1,0,3,5,0,2,0,0,0,7,0,0,0,0,0,0,43,"2002-04-12",287,"2002-04-16","2002-04-12",0.383333333333333,21.64,19.07,0,0.109511021366658,"historic"
308,196,4,0,18,8,0,1,0,0,5,2,1,0,0,0,6,0,0,0,0,0,0,41,"2002-05-12",288,"2002-05-15","2002-05-12",3.50689655172414,25.6586206896552,23.7379310344828,0,0.107873581333602,"historic"
309,196,4,0,13,7,0,1,0,2,10,1,0,0,0,0,12,0,0,0,0,0,0,46,"2002-06-10",289,"2002-06-15","2002-06-10",6.4551724137931,29.5586206896552,27.6689655172414,0,0.109542346443143,"historic"
310,196,4,0,11,5,0,0,0,1,11,0,1,0,0,0,19,0,0,0,0,0,0,48,"2002-07-10",290,"2002-07-13","2002-07-10",12.5533333333333,34.0366666666667,31.8833333333333,2.3,0.104319502611243,"historic"
311,NA,NA,NA,NA,NA,NA,NA,NA,NA,NA,NA,NA,NA,NA,NA,NA,NA,NA,NA,NA,NA,NA,NA,"2002-08-08",NA,NA,"2002-08-08",14.0413793103448,28.6689655172414,24.8068965517241,86.4,0.126237753053528,"historic"
312,196,4,0,7,3,0,1,0,0,3,0,0,0,0,0,4,0,0,0,0,0,0,18,"2002-09-06",291,"2002-09-08","2002-09-06",12.2714285714286,30.1862068965517,27.1827586206897,81.1,0.327787106162642,"historic"
313,196,4,0,14,2,0,1,0,2,8,0,1,0,0,0,11,0,0,0,0,0,0,39,"2002-10-06",292,"2002-10-05","2002-10-06",8.60344827586207,25.8931034482759,22.4344827586207,24,0.246880774737463,"historic"
314,196,4,0,13,6,0,0,1,5,11,0,1,0,0,0,8,0,0,0,0,0,0,45,"2002-11-04",293,"2002-11-09","2002-11-04",2.67586206896552,20.3275862068966,15.8793103448276,11,0.197017132835485,"historic"
315,196,4,0,13,6,0,0,1,4,10,0,1,0,0,0,5,0,0,0,1,0,0,41,"2002-12-04",294,"2002-12-07","2002-12-04",-1.85,16.1566666666667,10.2533333333333,23.8,0.162252473279615,"historic"
316,196,4,0,13,5,0,0,0,0,10,0,0,0,0,0,2,0,0,0,1,0,0,31,"2003-01-02",295,"2002-12-29","2003-01-02",-5.04827586206897,10.5120689655172,4.21822212643678,23.3,0.126013806685835,"historic"
317,196,4,0,19,13,0,0,0,1,14,2,0,0,0,0,5,0,0,0,0,0,0,54,"2003-02-01",296,"2003-02-01","2003-02-01",3.08333333333333,19.5076666666667,10.6113194444444,0.9,0.117993128338229,"historic"
318,196,4,0,19,14,0,0,1,1,16,0,2,0,0,0,8,0,0,0,1,0,0,62,"2003-03-02",297,"2003-03-06","2003-03-02",2.48310344827586,16.1837931034483,9.04204022988506,17.1,0.12569657004331,"historic"
319,196,4,0,14,13,0,0,0,5,8,1,0,0,0,0,14,0,0,0,3,0,0,58,"2003-04-01",298,"2003-03-29","2003-04-01",5.09566666666667,21.1153333333333,13.2760694444444,3.6,0.114747016065054,"historic"
320,196,4,0,14,9,0,0,2,11,12,0,0,0,0,0,14,0,0,0,2,0,0,64,"2003-05-01",299,"2003-05-03","2003-05-01",7.58633333333333,25.144,17.0315694444444,0,0.0983990030423377,"historic"
321,196,4,0,15,11,0,0,1,8,13,0,3,0,0,0,16,0,0,0,2,0,0,69,"2003-05-30",300,"2003-05-28","2003-05-30",14.2451724137931,31.5972413793103,23.5898850574713,0,0.116926783747031,"historic"
322,196,4,0,14,9,0,0,0,7,13,0,1,0,0,0,22,0,0,0,0,0,0,66,"2003-06-29",301,"2003-06-28","2003-06-29",17.7343333333333,34.8126666666667,26.9256666666667,7.5,0.10815266314534,"historic"
323,196,4,0,11,7,0,1,0,5,10,0,2,0,0,0,22,0,0,0,1,0,0,59,"2003-07-28",302,"2003-07-28","2003-07-28",21.0737931034483,37.9020689655172,29.4389224137931,20.8,0.107159083053408,"historic"
324,196,4,0,11,6,1,0,1,6,10,0,1,0,0,0,14,0,0,0,0,0,0,50,"2003-08-27",303,"2003-08-23","2003-08-27",19.9133333333333,34.5633333333333,27.0685138888889,23.8,0.121324481434702,"historic"
325,196,4,0,11,8,0,0,1,8,8,1,1,0,0,0,2,0,0,0,0,0,0,40,"2003-09-25",304,"2003-09-27","2003-09-25",18.118275862069,32.5427586206897,25.3903448275862,6.1,0.115950226349412,"historic"
326,196,4,0,12,5,0,0,1,10,6,3,0,0,0,0,1,0,1,0,0,0,0,39,"2003-10-25",305,"2003-10-25","2003-10-25",15.057,30.652,22.5589722222222,9.5,0.111508412584372,"historic"
327,196,4,0,9,6,0,0,0,3,5,1,0,0,0,0,0,0,0,0,0,0,0,24,"2003-11-23",306,"2003-11-22","2003-11-23",6.37379310344828,21.7193103448276,13.5612643678161,19.2,0.109171898458528,"historic"
328,196,4,0,11,6,0,0,0,2,4,0,0,0,0,0,0,0,0,0,0,0,0,23,"2003-12-23",307,"2003-12-20","2003-12-23",0.610333333333333,16.2116666666667,7.99801388888889,4.1,0.104071781271992,"historic"
329,196,4,0,10,6,0,0,1,2,1,0,0,0,0,0,0,0,0,0,0,0,0,20,"2004-01-21",308,"2004-01-24","2004-01-21",1.39048275862069,13.72,6.99192528735632,37.8,0.12623396864695,"historic"
330,196,4,0,14,8,0,0,0,0,1,0,0,0,0,0,1,0,0,0,0,0,0,24,"2004-02-20",309,"2004-02-21","2004-02-20",0.524166666666667,14.6181666666667,7.2006125,8.7,0.156415176458657,"historic"
331,196,4,0,9,1,0,0,0,1,3,0,0,0,0,0,2,0,0,0,0,0,0,16,"2004-03-20",310,"2004-03-17","2004-03-20",5.25458620689655,18.3841379310345,11.5910129310345,43.5,0.211663853096226,"historic"
332,NA,NA,NA,NA,NA,NA,NA,NA,NA,NA,NA,NA,NA,NA,NA,NA,NA,NA,NA,NA,NA,NA,NA,"2004-04-19",311,"2004-04-17","2004-04-19",8.36783333333333,22.9543333333333,15.732794384058,23.9,0.160738964852427,"historic"
333,196,4,0,15,8,0,0,0,1,1,0,0,0,0,0,10,0,0,0,0,0,0,35,"2004-05-18",312,"2004-05-17","2004-05-18",12.5854827586207,28.7803448275862,21.3195502873563,0.9,0.132400813238814,"historic"
334,NA,NA,NA,NA,NA,NA,NA,NA,NA,NA,NA,NA,NA,NA,NA,NA,NA,NA,NA,NA,NA,NA,NA,"2004-06-17",313,"2004-06-19","2004-06-17",16.723,33.5253333333333,25.98425,1.4,0.120885642199834,"historic"
335,NA,NA,NA,NA,NA,NA,NA,NA,NA,NA,NA,NA,NA,NA,NA,NA,NA,NA,NA,NA,NA,NA,NA,"2004-07-17",314,"2004-07-18","2004-07-17",18.7833333333333,34.644,26.7649444444444,20.3,0.118975267339477,"historic"
336,196,4,0,9,3,0,0,0,1,1,0,0,0,0,0,16,0,0,0,0,0,0,30,"2004-08-15",315,"2004-08-19","2004-08-15",19.2027586206897,32.5548275862069,25.3841666666667,91,0.127047847287144,"historic"
337,196,4,0,5,3,0,0,0,0,1,0,0,0,0,0,18,0,0,0,0,0,0,27,"2004-09-14",316,"2004-09-11","2004-09-14",16.1103333333333,31.0626666666667,23.4804444444444,60.5,0.255715713450929,"historic"
338,196,4,0,8,4,0,0,0,0,6,0,0,0,0,0,12,0,0,0,0,0,0,30,"2004-10-13",317,"2004-10-16","2004-10-13",12.6748275862069,28.2075862068966,20.1534195402299,25.2,0.1968738064627,"historic"
339,NA,NA,NA,NA,NA,NA,NA,NA,NA,NA,NA,NA,NA,NA,NA,NA,NA,NA,NA,NA,NA,NA,NA,"2004-11-12",318,"2004-11-13","2004-11-12",7.21276666666667,21.9313333333333,14.18415,16.1,0.148526509881129,"historic"
340,196,4,0,14,3,0,0,0,2,5,0,0,0,0,0,3,0,0,0,0,0,0,27,"2004-12-11",319,"2004-12-11","2004-12-11",1.33589655172414,13.9041724137931,7.31027011494253,37.8,0.151189376101897,"historic"
341,196,4,0,7,8,0,0,0,1,4,0,0,0,0,0,2,0,0,0,0,0,0,22,"2005-01-10",320,"2005-01-15","2005-01-10",1.00666666666667,13.9241333333333,7.08751111111111,34,0.146383286211022,"historic"
342,NA,NA,NA,NA,NA,NA,NA,NA,NA,NA,NA,NA,NA,NA,NA,NA,NA,NA,NA,NA,NA,NA,NA,"2005-02-08",NA,NA,"2005-02-08",2.18555172413793,13.9146551724138,7.57987212643678,39.5,0.166438523785126,"historic"
343,NA,NA,NA,NA,NA,NA,NA,NA,NA,NA,NA,NA,NA,NA,NA,NA,NA,NA,NA,NA,NA,NA,NA,"2005-03-10",321,"2005-03-12","2005-03-10",4.80173333333333,16.846,10.3916944444444,29.1,0.280281025831201,"historic"
344,196,4,0,9,3,0,0,0,1,3,0,0,0,0,0,13,0,0,0,0,0,0,29,"2005-04-08",322,"2005-04-09","2005-04-08",5.64568965517241,20.7341379310345,13.2913060344828,0.5,0.249316277085171,"historic"
345,NA,NA,NA,NA,NA,NA,NA,NA,NA,NA,NA,NA,NA,NA,NA,NA,NA,NA,NA,NA,NA,NA,NA,"2005-05-08",323,"2005-05-07","2005-05-08",9.0593,26.0353333333333,18.0230180555556,4.8,0.168798784024219,"historic"
346,196,4,0,11,8,0,0,0,2,2,0,0,0,0,0,15,0,0,0,0,0,0,38,"2005-06-06",324,"2005-06-04","2005-06-06",14.9293103448276,32.1844827586207,24.4200718390805,3.1,0.144743141797841,"historic"
347,196,4,0,9,4,0,0,0,2,4,0,0,0,0,0,21,0,0,0,0,0,0,40,"2005-07-06",325,"2005-07-09","2005-07-06",19.13,36.55,28.7982083333333,0,0.141880929683069,"historic"
348,196,4,0,9,4,0,0,0,2,4,0,0,0,0,0,27,0,0,0,0,0,0,46,"2005-08-04",326,"2005-08-06","2005-08-04",20.8824137931034,35.3231034482759,27.9472557471264,31.6,0.148476786518292,"historic"
349,196,4,0,8,6,0,0,0,5,15,0,0,0,0,0,32,0,0,0,0,0,0,66,"2005-09-03",327,"2005-09-03","2005-09-03",18.286,32.0816666666667,24.6816388888889,45.9,0.186038002353909,"historic"
350,196,4,0,7,5,0,0,2,5,12,0,1,0,0,0,24,0,0,0,0,0,0,56,"2005-10-03",328,"2005-09-30","2005-10-03",17.0903333333333,32.003,24.354125,31.3,0.204599999271062,"historic"
351,196,4,0,12,6,0,0,2,8,12,0,3,0,0,0,11,0,0,0,0,0,0,54,"2005-11-01",329,"2005-11-05","2005-11-01",10.2743793103448,25.071724137931,17.3408362068966,22.1,0.152390593691739,"historic"
352,196,4,0,9,6,0,0,1,5,7,0,0,0,0,0,1,0,0,0,0,0,0,29,"2005-12-01",330,"2005-12-09","2005-12-01",5.3628,22.0626666666667,13.0243361111111,0,0.134183299042063,"historic"
353,196,4,0,10,9,0,0,0,6,7,0,0,0,0,0,2,0,0,0,0,0,0,34,"2005-12-30",331,"2006-01-07","2005-12-30",1.57958620689655,17.0751724137931,8.77216666666667,3.9,0.113058047098089,"historic"
354,196,4,0,10,7,0,0,0,3,4,0,0,0,0,0,2,0,1,0,0,0,0,27,"2006-01-29",332,"2006-01-28","2006-01-29",1.15886666666667,16.848,8.66066944444444,2.9,0.091621772156675,"historic"
355,196,4,0,11,3,0,0,0,1,4,0,1,0,0,0,3,0,0,0,0,0,0,23,"2006-02-27",333,"2006-03-04","2006-02-27",2.85310344827586,19.8593103448276,11.0308204022989,2.8,0.107853135646488,"historic"
356,196,4,0,9,2,0,0,0,2,3,0,3,0,0,0,9,0,0,0,0,0,0,28,"2006-03-29",334,"2006-03-25","2006-03-29",5.19663333333333,20.0326666666667,12.891425,6.3,0.104262179327797,"historic"
357,196,4,0,14,4,0,0,0,1,2,0,1,0,0,0,22,0,0,0,0,0,0,44,"2006-04-27",335,"2006-04-29","2006-04-27",10.0922068965517,27.3344827586207,19.1419626436782,1.1,0.100032600939745,"historic"
358,196,4,0,12,2,0,0,1,2,2,0,1,0,0,0,24,0,0,0,0,0,0,44,"2006-05-26",336,"2006-05-27","2006-05-26",14.6904482758621,31.2710344827586,23.6112715517241,0,0.0940339831990771,"historic"
359,NA,NA,NA,NA,NA,NA,NA,NA,NA,NA,NA,NA,NA,NA,NA,NA,NA,NA,NA,NA,NA,NA,NA,"2006-06-25",337,"2006-06-25","2006-06-25",19.6256666666667,35.4723333333333,27.94175,12.2,0.0978414214673072,"historic"
360,196,4,0,12,2,0,0,0,0,4,0,1,0,0,0,34,0,0,0,0,0,0,53,"2006-07-24",338,"2006-07-22","2006-07-24",20.468275862069,35.1972413793103,27.6588649425287,59.7,0.12101050445411,"historic"
361,NA,NA,NA,NA,NA,NA,NA,NA,NA,NA,NA,NA,NA,NA,NA,NA,NA,NA,NA,NA,NA,NA,NA,"2006-08-23",339,"2006-08-20","2006-08-23",18.0316666666667,29.162,22.8279722222222,152,0.390335707628853,"historic"
362,196,4,0,3,0,0,0,0,0,0,0,0,0,0,0,13,0,0,0,0,0,0,16,"2006-09-22",340,"2006-09-23","2006-09-22",14.859,27.3213333333333,20.6254444444444,86.9,0.442809759182303,"historic"
363,196,4,0,9,0,0,0,0,0,3,0,0,0,0,0,32,0,0,0,0,0,0,44,"2006-10-21",341,"2006-10-21","2006-10-21",11.3440344827586,26.5520689655172,18.4836925287356,58.4,0.29046363042311,"historic"
364,196,4,0,8,0,0,0,0,1,10,0,0,0,0,1,47,0,0,0,0,0,0,67,"2006-11-20",342,"2006-11-18","2006-11-20",5.8712,23.4273333333333,13.9423180555556,4.5,0.22961146191955,"historic"
365,196,4,0,13,3,0,0,0,1,13,2,0,0,0,0,36,0,0,0,0,2,0,70,"2006-12-20",343,"2006-12-16","2006-12-20",0.173,16.723,7.98079305555556,2.2,0.16635535780996,"historic"
366,NA,NA,NA,NA,NA,NA,NA,NA,NA,NA,NA,NA,NA,NA,NA,NA,NA,NA,NA,NA,NA,NA,NA,"2007-01-18",344,"2007-01-21","2007-01-18",-1.61668965517241,12.7720344827586,4.93239655172414,9.8,0.135234546070767,"historic"
367,196,4,0,13,5,0,0,0,2,17,1,0,0,0,0,20,0,1,0,0,5,0,64,"2007-02-17",345,"2007-02-17","2007-02-17",0.509,13.8841333333333,6.80468611111111,30,0.10285396103966,"historic"
368,196,4,0,10,9,0,0,0,2,11,1,2,0,0,0,38,0,0,0,0,5,0,78,"2007-03-18",346,"2007-03-17","2007-03-18",3.62768965517241,21.081724137931,12.4973405172414,0.7,0.114312510051837,"historic"
369,196,4,0,11,4,0,0,0,2,15,4,0,0,0,0,28,0,2,0,0,5,0,71,"2007-04-17",347,"2007-04-14","2007-04-17",7.67176666666667,23.1253333333333,15.6118194444444,21.4,0.12440912112746,"historic"
370,196,4,0,11,6,0,0,0,7,24,2,1,0,0,2,32,0,0,0,0,3,0,88,"2007-05-16",348,"2007-05-19","2007-05-16",11.367275862069,27.6965517241379,20.0746522988506,25.1,0.126150976979331,"historic"
371,196,4,0,18,13,0,0,0,2,31,0,0,0,0,0,39,0,2,0,0,4,0,109,"2007-06-14",349,"2007-06-16","2007-06-14",15.358275862069,31.9372413793103,24.2580316091954,9.5,0.135640879530453,"historic"
372,196,4,0,15,8,0,0,0,2,34,0,1,0,0,0,49,0,0,0,0,1,0,110,"2007-07-14",350,"2007-07-14","2007-07-14",20.0933333333333,37.2026666666667,28.8890972222222,12.2,0.14416174257682,"historic"
373,NA,NA,NA,NA,NA,NA,NA,NA,NA,NA,NA,NA,NA,NA,NA,NA,NA,NA,NA,NA,NA,NA,NA,"2007-08-12",351,"2007-08-11","2007-08-12",18.9403448275862,31.7979310344828,24.5175,34,0.201627504106444,"historic"
374,196,4,0,17,8,0,0,1,7,21,0,3,0,0,0,34,0,0,0,3,0,0,94,"2007-09-11",352,"2007-09-08","2007-09-11",17.9173333333333,32.425,24.8217222222222,5.6,0.355749960193046,"historic"
375,196,4,2,20,11,0,1,1,6,15,1,2,0,0,2,12,0,1,0,4,0,0,78,"2007-10-10",353,"2007-10-13","2007-10-10",15.0930344827586,30.4131034482759,22.3961925287356,1.8,0.269482824214684,"historic"
376,196,4,1,18,14,0,0,3,9,12,0,5,0,1,3,10,0,6,0,0,0,0,82,"2007-11-09",354,"2007-11-10","2007-11-09",8.73976666666667,26.861,17.5941666666667,0,0.198263993937052,"historic"
377,196,4,3,21,14,0,0,3,6,7,1,0,0,0,0,0,0,4,0,1,0,0,60,"2007-12-09",355,"2007-12-15","2007-12-09",5.79643333333333,19.3041,12.0387138888889,26,0.144104506373898,"historic"
378,196,4,0,17,12,0,0,2,3,5,0,0,0,0,0,0,0,3,0,0,0,0,42,"2008-01-08",356,"2008-01-12","2008-01-08",-0.872966666666667,12.8635333333333,5.09057083333333,13.8,0.121536613209661,"historic"
379,196,4,0,23,11,0,0,1,3,5,0,0,0,0,0,1,0,4,0,1,0,0,49,"2008-02-06",357,"2008-02-09","2008-02-06",-0.888413793103448,14.1813793103448,6.33673132183908,8.5,0.124546514976707,"historic"
380,196,4,0,20,14,0,0,0,2,6,0,0,0,0,0,2,0,1,0,1,0,0,46,"2008-03-07",358,"2008-03-09","2008-03-07",2.2472,19.5526666666667,10.9124541666667,3.4,0.122362652669185,"historic"
381,196,4,2,20,14,0,1,0,4,3,0,0,0,0,0,11,0,3,0,3,0,0,61,"2008-04-05",359,"2008-04-06","2008-04-05",5.26355172413793,23.2024137931034,14.8502543103448,0,0.119367350197447,"historic"
382,196,4,1,21,21,0,1,2,3,3,0,3,0,1,0,21,0,3,0,4,0,0,84,"2008-05-05",360,"2008-05-03","2008-05-05",8.50746666666667,26.3306666666667,18.2427597222222,0,0.107633237031373,"historic"
383,196,4,2,23,18,1,0,0,4,1,1,3,0,0,2,18,0,0,0,3,0,0,76,"2008-06-03",361,"2008-06-07","2008-06-03",12.2116206896552,30.1572413793103,22.1220014367816,4.7,0.108003093850158,"historic"
384,196,4,1,24,18,1,1,0,3,2,0,5,0,0,1,23,0,1,0,0,0,0,80,"2008-07-02",362,"2008-06-28","2008-07-02",19.2065517241379,36.1662068965517,28.3487068965517,0.3,0.106272315698999,"historic"
385,196,4,0,13,11,0,1,0,1,0,0,1,0,0,0,3,0,0,0,1,0,0,31,"2008-08-01",363,"2008-07-26","2008-08-01",18.9826666666667,32.0363333333333,24.7530138888889,104.4,0.2499697824193,"historic"
386,196,4,0,9,6,2,0,0,3,1,0,0,0,0,0,13,0,0,0,0,0,0,34,"2008-08-30",364,"2008-08-30","2008-08-30",17.7475862068966,31.0886206896552,23.9715086206897,67.5,0.294391251935366,"historic"
387,196,4,0,10,7,0,0,0,3,1,0,1,0,0,0,13,0,0,0,0,0,0,35,"2008-09-29",365,"2008-09-27","2008-09-29",14.6066666666667,29.8573333333333,21.9150833333333,14.4,0.27760099490524,"historic"
388,196,4,0,10,7,2,0,0,6,0,0,0,0,0,0,4,0,0,0,0,0,0,29,"2008-10-28",366,"2008-10-26","2008-10-28",9.83320689655172,27.4424137931034,18.4878577586207,2,0.18305328245243,"historic"
389,196,4,0,16,11,1,0,0,1,2,0,1,0,0,0,0,0,0,0,0,0,0,32,"2008-11-27",367,"2008-11-22","2008-11-27",5.17873333333333,21.9333333333333,13.1177138888889,11,0.147943902450334,"historic"
390,196,4,0,17,8,2,0,0,1,2,0,0,0,0,0,0,0,0,0,0,0,0,30,"2008-12-27",368,"2008-12-20","2008-12-27",1.67353333333333,16.1747,8.70827916666667,11.3,0.128831822006307,"historic"
391,196,4,1,16,11,0,0,1,3,1,0,0,0,0,0,0,0,0,0,0,0,0,33,"2009-01-26",369,"2009-01-24","2009-01-26",1.49426666666667,17.0903333333333,8.79000555555556,11.6,0.109152317805165,"historic"
392,196,4,1,17,8,1,0,0,2,1,0,0,0,0,0,0,0,0,0,0,0,0,30,"2009-02-24",370,"2009-02-21","2009-02-24",1.23168965517241,18.4544827586207,9.69236063218391,3.8,0.100465916818274,"historic"
393,196,4,0,10,11,0,0,0,2,1,0,0,0,0,0,4,0,0,0,0,0,0,28,"2009-03-26",371,"2009-03-21","2009-03-26",6.42363333333333,23.229,14.8713055555556,14,0.0926623977811251,"historic"
394,196,4,2,9,9,0,0,0,3,1,0,0,0,0,0,14,0,0,0,1,0,0,39,"2009-04-24",372,"2009-04-26","2009-04-24",7.00944827586207,23.441724137931,15.8422974137931,0.4,0.0895067841330094,"historic"
395,196,4,2,11,14,0,0,1,2,2,0,0,0,0,0,12,0,0,0,1,0,0,45,"2009-05-24",373,"2009-05-23","2009-05-24",14.2165666666667,30.891,23.1141486111111,16.8,0.0923579064299746,"historic"
396,196,4,1,11,13,0,0,0,1,3,0,0,0,0,0,17,0,0,0,1,0,0,47,"2009-06-22",374,"2009-06-20","2009-06-22",15.7603448275862,31.8655172413793,24.5223563218391,1.2,0.101821401978765,"historic"
397,196,4,1,9,9,0,0,0,1,1,0,0,0,0,0,17,0,0,0,0,0,0,38,"2009-07-21",375,"2009-07-29","2009-07-21",20.3027586206897,35.0413793103448,27.2678591954023,36.1,0.128738048851935,"historic"
398,196,4,0,8,6,0,0,0,1,0,0,0,0,0,0,4,0,0,0,0,0,0,19,"2009-08-20",376,"2009-08-22","2009-08-20",20.3626666666667,35.7693333333333,27.958625,17.4,0.131063502409872,"historic"
399,196,4,0,7,3,2,0,0,1,0,0,0,0,0,0,0,0,0,0,0,0,0,13,"2009-09-18",377,"2009-09-19","2009-09-18",15.5089655172414,35.2210344827586,25.5927853417789,132.63,0.122203521647628,"historic"
400,196,4,0,6,1,1,0,0,2,0,0,0,0,0,0,0,0,0,0,0,0,0,10,"2009-10-17",378,"2009-10-17","2009-10-17",13.5355172413793,32.0341379310345,22.3783404131268,92.56,0.120314764140332,"historic"
401,196,4,0,6,1,1,0,0,2,0,0,0,0,0,0,0,0,0,0,0,0,0,10,"2009-11-16",379,"2009-11-14","2009-11-16",7.78213333333333,23.259,15.0882638888889,12.8,0.118674540259657,"historic"
402,196,4,0,6,1,1,0,0,1,0,0,0,0,0,0,0,0,0,0,0,0,0,9,"2009-12-16",380,"2009-12-12","2009-12-16",1.67003333333333,15.5043333333333,8.08335694444444,24,0.113808480042882,"historic"
403,196,4,0,6,0,0,0,0,2,0,0,0,0,0,0,0,0,0,0,0,0,0,8,"2010-01-15",381,"2010-01-16","2010-01-15",-0.264733333333333,12.9659,5.74156111111111,14.6,0.103738208275989,"historic"
404,196,4,0,7,0,0,0,1,1,0,0,0,0,0,0,0,0,0,0,0,0,0,9,"2010-02-13",382,"2010-02-13","2010-02-13",1.91586206896552,12.8775862068966,6.82303879310345,80.9,0.106762520911328,"historic"
405,196,4,0,8,0,0,0,0,0,0,0,0,0,0,0,2,0,0,0,0,0,0,10,"2010-03-15",383,"2010-03-13","2010-03-15",2.249,16.636,9.17005694444445,11.9,0.106145467985604,"historic"
406,196,4,0,10,0,0,0,0,0,0,0,0,0,0,0,7,0,0,0,0,0,0,17,"2010-04-14",384,"2010-04-17","2010-04-14",5.5064,22.641,14.3631083333333,2.2,0.166712422492285,"historic"
407,196,4,0,13,0,0,0,0,0,0,0,0,0,0,0,7,0,0,0,0,0,0,20,"2010-05-13",385,"2010-05-15","2010-05-13",8.89689655172414,25.6265517241379,17.7017528735632,10.6,0.180535840452768,"historic"
408,NA,NA,NA,NA,NA,NA,NA,NA,NA,NA,NA,NA,NA,NA,NA,NA,NA,NA,NA,NA,NA,NA,NA,"2010-06-12",NA,NA,"2010-06-12",15.0881,33.0433333333333,25.0151361111111,0,0.153218328505426,"historic"
409,196,4,0,8,0,0,0,0,1,0,0,0,0,0,0,13,0,0,0,0,0,0,22,"2010-07-11",386,"2010-07-10","2010-07-11",18.9075862068965,34.9434482758621,27.3915804597701,10.2,0.144745251000287,"historic"
410,NA,NA,NA,NA,NA,NA,NA,NA,NA,NA,NA,NA,NA,NA,NA,NA,NA,NA,NA,NA,NA,NA,NA,"2010-08-09",NA,NA,"2010-08-09",19.6258620689655,33.7627586206897,25.839066091954,27.3,0.143007659784442,"historic"
411,196,4,0,8,1,0,0,0,0,0,0,0,0,0,0,26,0,0,0,0,0,0,35,"2010-09-08",387,"2010-09-05","2010-09-08",19.0906666666667,33.125,25.5218472222222,39.1,0.166127265257692,"historic"
412,NA,NA,NA,NA,NA,NA,NA,NA,NA,NA,NA,NA,NA,NA,NA,NA,NA,NA,NA,NA,NA,NA,NA,"2010-10-07",NA,NA,"2010-10-07",16.79,31.7475862068966,23.9773994252874,11.4,0.160101754059977,"historic"
413,196,4,0,9,0,0,0,0,0,0,0,1,0,0,0,6,0,0,0,0,0,0,16,"2010-11-05",388,"2010-11-06","2010-11-05",10.0032068965517,25.6055172413793,17.3611393678161,14.8,0.138275790615806,"historic"
414,NA,NA,NA,NA,NA,NA,NA,NA,NA,NA,NA,NA,NA,NA,NA,NA,NA,NA,NA,NA,NA,NA,NA,"2010-12-05",NA,NA,"2010-12-05",1.99856666666667,19.1392,10.1351013888889,1.1,0.129042640208767,"historic"
415,196,4,0,13,1,0,0,0,2,0,0,0,0,0,0,1,0,0,0,0,0,0,17,"2011-01-04",389,"2011-01-05","2011-01-04",1.53403333333333,16.8568,8.39521944444444,7.5,0.114825284448134,"historic"
416,196,4,0,10,0,0,0,0,0,0,0,0,0,0,0,0,0,0,0,0,0,0,10,"2011-02-02",390,"2011-02-05","2011-02-02",-0.418965517241379,15.6072413793103,6.98895689655172,2.6,0.109167710942414,"historic"
417,196,4,0,14,0,0,0,0,1,0,0,0,0,0,0,0,0,0,0,0,0,0,15,"2011-03-04",391,"2011-03-14","2011-03-04",-0.257333333333333,18.2279333333333,8.94409027777778,1.5,0.108217670081119,"historic"
418,196,4,0,13,2,0,0,0,0,0,0,1,0,0,0,10,0,0,0,0,0,0,26,"2011-04-03",392,"2011-04-02","2011-04-03",7.20686666666667,25.6393333333333,16.8791125,0.4,0.106980946977891,"historic"
419,196,4,0,11,0,0,0,0,1,0,0,1,0,0,0,23,0,0,0,0,0,0,36,"2011-05-02",393,"2011-05-07","2011-05-02",10.0660344827586,26.7255172413793,18.9170387931034,0.3,0.10301933862013,"historic"
420,NA,NA,NA,NA,NA,NA,NA,NA,NA,NA,NA,NA,NA,NA,NA,NA,NA,NA,NA,NA,NA,NA,NA,"2011-06-01",394,"2011-05-26","2011-06-01",12.2741333333333,30.0226666666667,22.0674319444444,0,0.10520845157179,"historic"
421,196,4,0,4,0,0,0,0,0,1,0,0,0,0,0,17,0,0,0,0,0,0,22,"2011-07-01",395,"2011-07-02","2011-07-01",18.6343333333333,36.85,28.8372777777778,0.6,0.104581470198453,"historic"
422,196,4,0,9,1,0,0,0,0,0,0,0,0,0,0,29,0,0,0,0,0,0,39,"2011-07-30",396,"2011-08-06","2011-07-30",20.2586206896552,34.3824137931034,26.755775862069,86.3,0.120753565468747,"historic"
423,196,4,0,8,0,0,0,0,0,0,0,0,0,0,0,36,0,0,0,0,0,0,44,"2011-08-28",397,"2011-08-27","2011-08-28",19.6513793103448,34.2227586206897,26.4203304597701,29.8,0.276421506553921,"historic"
424,196,4,0,8,0,0,0,0,1,0,0,0,0,0,0,39,0,0,0,0,0,0,48,"2011-09-27",398,"2011-10-01","2011-09-27",17.3353333333333,32.4333333333333,24.688625,41.3,0.224972579934172,"historic"
425,196,4,0,6,0,0,0,0,2,0,0,1,0,0,0,40,0,0,0,0,0,0,49,"2011-10-26",399,"2011-10-22","2011-10-26",11.6818620689655,28.6162068965517,19.7785517241379,4.9,0.200959122305514,"historic"
426,NA,NA,NA,NA,NA,NA,NA,NA,NA,NA,NA,NA,NA,NA,NA,NA,NA,NA,NA,NA,NA,NA,NA,"2011-11-24",NA,NA,"2011-11-24",4.14124137931034,19.6872413793103,11.6880689655172,7.7,0.143586251144518,"historic"
427,NA,NA,NA,NA,NA,NA,NA,NA,NA,NA,NA,NA,NA,NA,NA,NA,NA,NA,NA,NA,NA,NA,NA,"2011-12-24",400,"2011-12-17","2011-12-24",0.0832666666666667,11.7056,5.37657222222222,69.5,0.117713008223705,"historic"
428,196,4,0,19,0,0,0,4,0,0,6,1,0,0,0,2,0,1,0,0,0,0,33,"2012-01-23",401,"2012-01-21","2012-01-23",0.857966666666667,16.813,8.01167638888889,2.9,0.11215363036966,"historic"
429,196,4,0,15,0,0,0,4,0,0,0,3,0,0,0,9,0,1,0,0,0,0,32,"2012-02-21",402,"2012-02-19","2012-02-21",1.323,16.9796551724138,8.83186206896552,14.3,0.126997875803019,"historic"
430,196,4,0,15,0,0,0,2,0,0,2,4,0,0,0,17,0,0,0,0,0,0,40,"2012-03-22",403,"2012-03-12","2012-03-22",2.66806666666667,19.5937,11.2393805555556,5.7,0.192928895683097,"historic"
431,196,4,0,16,0,0,0,1,0,0,2,1,0,0,0,27,0,0,0,0,0,0,47,"2012-04-21",404,"2012-04-21","2012-04-21",8.0713,26.5013333333333,17.6262833333333,0.7,0.168632538107562,"historic"
432,NA,NA,NA,NA,NA,NA,NA,NA,NA,NA,NA,NA,NA,NA,NA,NA,NA,NA,NA,NA,NA,NA,NA,"2012-05-20",405,"2012-05-26","2012-05-20",13.0648275862069,30.9055172413793,22.6111063218391,4.3,0.128454694954955,"historic"
433,196,4,0,25,0,0,0,0,1,0,2,1,0,0,0,48,0,0,0,0,0,0,77,"2012-06-19",406,"2012-06-16","2012-06-19",16.9913333333333,35.5536666666667,27.2261527777778,0.3,0.120585032240496,"historic"
434,196,4,0,27,0,0,0,0,1,0,0,0,0,0,0,65,0,0,0,0,0,0,93,"2012-07-18",407,"2012-07-28","2012-07-18",20.3265517241379,35.651724137931,27.9275431034483,26.6,0.119888986351943,"historic"
435,196,4,0,24,0,0,0,0,2,1,0,2,0,0,0,51,0,0,0,0,0,0,80,"2012-08-17",408,"2012-08-18","2012-08-17",20.1136666666667,34.5586666666667,26.7946666666667,15.3,0.173342949445849,"historic"
436,196,4,0,20,0,0,0,1,1,1,0,0,0,0,0,33,0,0,0,0,0,0,56,"2012-09-15",409,"2012-09-15","2012-09-15",17.3613793103448,31.4262068965517,23.7013074712644,14.7,0.166037505751222,"historic"
437,196,4,0,24,0,0,0,3,4,0,1,0,0,0,0,27,0,0,0,0,0,0,59,"2012-10-15",410,"2012-10-13","2012-10-15",14.0624,30.4913333333333,22.2060819444444,4.3,0.179185486584431,"historic"
438,196,4,0,22,0,0,0,0,2,0,0,0,0,0,0,6,0,0,0,0,0,0,30,"2012-11-13",411,"2012-11-10","2012-11-13",9.07413793103448,25.8944827586207,17.0818362068966,0.2,0.135486201625015,"historic"
439,196,4,0,26,0,0,0,1,0,0,0,0,0,0,0,1,0,0,0,0,0,0,28,"2012-12-13",412,"2012-12-08","2012-12-13",5.44046666666667,21.0733333333333,12.6074819444444,2.9,0.116573598888033,"historic"
440,196,4,0,19,0,0,0,3,3,0,0,0,0,0,0,0,0,0,0,0,0,0,25,"2013-01-11",413,"2013-01-12","2013-01-11",-1.32434482758621,11.4972068965517,4.7199367816092,12.5,0.100812771358948,"historic"
441,196,4,0,20,0,0,0,1,0,0,0,0,0,0,0,1,0,0,0,0,0,0,22,"2013-02-10",414,"2013-02-16","2013-02-10",0.191533333333333,15.0957666666667,7.30429027777778,9,0.0929048904968536,"historic"
442,196,4,0,20,0,0,0,2,0,0,0,2,0,0,0,2,0,0,0,0,0,0,26,"2013-03-11",415,"2013-03-13","2013-03-11",0.0498620689655173,16.6120689655172,8.29278879310345,11.4,0.0945281369761945,"historic"
443,196,4,2,25,0,0,0,0,0,0,0,0,0,0,0,17,0,0,0,0,0,0,44,"2013-04-10",416,"2013-04-13","2013-04-10",8.2542,25.1643333333333,17.0721583333333,1.4,0.10180707819231,"historic"
444,196,4,0,22,0,0,0,2,2,0,0,0,0,0,0,29,0,0,0,0,0,0,55,"2013-05-09",417,"2013-05-11","2013-05-09",10.6528275862069,26.9272413793103,19.3743836206897,0,0.109599286094219,"historic"
445,NA,NA,NA,NA,NA,NA,NA,NA,NA,NA,NA,NA,NA,NA,NA,NA,NA,NA,NA,NA,NA,NA,NA,"2013-06-08",NA,NA,"2013-06-08",15.43,32.7263333333333,25.0641666666667,0.8,0.108775736561245,"historic"
446,196,4,0,19,0,0,0,0,0,0,0,1,0,0,0,33,0,0,0,0,0,0,53,"2013-07-08",418,"2013-07-06","2013-07-08",20.2843333333333,37.046,29.0011111111111,11.8,0.11601940742275,"historic"
447,NA,NA,NA,NA,NA,NA,NA,NA,NA,NA,NA,NA,NA,NA,NA,NA,NA,NA,NA,NA,NA,NA,NA,"2013-08-06",NA,NA,"2013-08-06",18.8044827586207,31.5810344827586,24.591867816092,65.7,0.198075064849763,"historic"
448,196,4,0,19,0,0,0,0,0,0,0,0,0,0,0,30,0,0,0,0,0,0,49,"2013-09-05",419,"2013-09-14","2013-09-05",18.672,32.972,25.4782638888889,46.8,0.231270996766982,"historic"
449,NA,NA,NA,NA,NA,NA,NA,NA,NA,NA,NA,NA,NA,NA,NA,NA,NA,NA,NA,NA,NA,NA,NA,"2013-10-04",NA,NA,"2013-10-04",15.1034482758621,29.2248275862069,21.705933908046,65.3,0.270106791142051,"historic"
450,196,4,0,16,0,0,0,1,0,1,0,0,0,0,0,15,0,0,0,0,0,0,33,"2013-11-03",420,"2013-11-02","2013-11-03",8.26256666666667,25.7146666666667,16.7892125,0.8,0.19299570520537,"historic"
451,NA,NA,NA,NA,NA,NA,NA,NA,NA,NA,NA,NA,NA,NA,NA,NA,NA,NA,NA,NA,NA,NA,NA,"2013-12-02",NA,NA,"2013-12-02",4.58579310344828,18.5628965517241,11.2001896551724,21.2,0.161073686520262,"historic"
452,196,4,0,21,0,0,0,0,2,1,0,0,0,0,0,1,0,0,0,0,0,0,25,"2014-01-01",421,"2013-12-29","2014-01-01",0.237766666666667,14.3993333333333,6.57590416666667,15,0.151383627334194,"historic"
453,196,4,0,35,1,0,0,2,0,0,2,0,0,0,0,0,0,0,0,0,0,0,40,"2014-01-30",422,"2014-02-01","2014-01-30",1.18372413793103,17.8889655172414,8.89068103448276,0,0.121292600494198,"historic"
454,196,4,0,28,2,0,0,0,1,1,3,0,0,0,0,7,0,0,0,1,0,0,43,"2014-03-01",423,"2014-03-01","2014-03-01",4.82943333333333,21.201,12.8990638888889,1.4,0.121611575036131,"historic"
455,196,4,1,29,1,0,0,2,0,1,0,0,0,0,0,17,0,2,0,0,0,0,53,"2014-03-30",424,"2014-03-29","2014-03-30",6.56103448275862,21.9934482758621,14.3885373563218,9.3,0.132418114941514,"historic"
456,196,4,0,27,3,0,0,1,2,0,1,0,0,0,0,24,0,0,0,0,0,0,58,"2014-04-28",425,"2014-04-26","2014-04-28",9.50137931034483,25.8196551724138,18.0964367816092,5.8,0.123198268600406,"historic"
457,196,4,0,25,1,0,0,1,0,0,1,0,0,0,0,39,0,0,0,0,0,0,67,"2014-05-28",426,"2014-05-31","2014-05-28",12.5357333333333,28.7573333333333,21.2732430555556,0.1,0.12043117797424,"historic"
458,196,4,0,23,1,0,0,1,1,0,0,0,0,0,0,58,0,0,0,0,0,0,84,"2014-06-27",427,"2014-06-28","2014-06-27",20.3626666666667,36.5556666666667,29.1495555555556,6.6,0.122337670807792,"historic"
459,196,4,0,21,1,0,0,0,2,0,0,0,0,0,0,24,0,0,0,0,0,0,48,"2014-07-26",428,"2014-08-02","2014-07-26",19.4624137931034,35.161724137931,26.7969396551724,56.3,0.154648698480106,"historic"
460,196,4,1,20,1,0,0,1,2,0,0,0,0,0,0,44,0,0,0,0,0,0,69,"2014-08-25",429,"2014-08-30","2014-08-25",17.824,30.7446666666667,23.4991944444444,95.5218142,0.28090417774441,"historic"
461,196,4,1,19,0,0,0,0,2,1,0,0,0,0,0,27,0,0,0,0,0,0,50,"2014-09-23",430,"2014-09-27","2014-09-23",16.8889655172414,29.7048275862069,22.9463793103448,111.1131506,0.331767120321813,"historic"
462,196,4,0,17,1,0,0,0,5,0,0,0,0,0,0,16,0,0,0,0,0,0,39,"2014-10-23",431,"2014-10-25","2014-10-23",12.0283333333333,27.9123333333333,19.39325,36.1154136,0.267711653429891,"historic"
463,196,4,1,14,1,0,0,4,3,0,2,0,0,0,0,5,0,1,0,0,0,0,31,"2014-11-22",432,"2014-11-22","2014-11-22",6.09536666666667,22.4486666666667,13.6591416666667,7.86384,0.243264871616994,"historic"
464,NA,NA,NA,NA,NA,NA,NA,NA,NA,NA,NA,NA,NA,NA,NA,NA,NA,NA,NA,NA,NA,NA,NA,"2014-12-21",433,"2014-12-13","2014-12-21",3.13996551724138,18.0293103448276,9.79181896551724,13.3976531,0.165827611698057,"historic"
465,196,4,1,22,3,0,0,4,4,0,0,0,0,0,0,4,0,2,1,1,0,0,42,"2015-01-20",434,"2015-01-17","2015-01-20",-0.797766666666667,13.3321666666667,5.57804722222222,12.523894,0.14603642072937,"historic"
466,196,4,1,25,5,0,0,4,1,0,4,1,0,0,0,9,0,3,2,4,0,0,59,"2015-02-18",435,"2015-02-21","2015-02-18",3.8,18.5076896551724,10.7776637931034,33.7853858,0.150633154896728,"historic"
467,196,4,6,18,4,0,0,2,1,0,1,0,0,0,0,17,0,9,2,3,0,0,63,"2015-03-20",436,"2015-03-26","2015-03-20",5.152,19.7383333333333,12.3228097222222,23.5915203,0.153475598808214,"historic"
468,196,4,7,16,7,0,0,2,2,0,3,0,0,0,0,31,0,8,0,2,2,0,80,"2015-04-18",437,"2015-04-18","2015-04-18",8.69037931034483,25.548275862069,17.4044612068966,0,0.194198679176888,"historic"
469,196,4,3,21,7,0,0,4,1,0,1,0,0,0,0,24,0,6,0,1,1,0,69,"2015-05-17",438,"2015-05-16","2015-05-17",9.68268965517241,25.4234482758621,17.9796637931034,5.8250671,0.160778029400817,"historic"
470,196,4,8,14,7,0,0,2,2,0,3,1,0,0,0,36,0,0,0,3,0,0,76,"2015-06-16",439,"2015-06-13","2015-06-16",15.0210666666667,32.554,24.4465305555556,4.2231737,0.161070488061182,"historic"
471,196,4,3,14,6,0,0,1,1,0,1,0,0,0,1,60,0,3,0,2,0,0,92,"2015-07-15",440,"2015-07-18","2015-07-15",19.4868965517241,35.3755172413793,27.1261637931034,55.3381367,0.191803580513663,"historic"
472,196,4,4,16,8,0,0,2,0,0,0,0,0,0,0,47,0,0,0,1,0,0,78,"2015-08-14",441,"2015-08-22","2015-08-14",18.8566666666667,33.4526666666667,25.2416944444444,75.580237,0.306671210698492,"historic"
473,196,4,2,17,4,0,0,3,3,0,0,0,0,0,0,29,0,0,0,0,0,0,58,"2015-09-12",442,"2015-09-12","2015-09-12",18.0137931034483,32.6255172413793,24.5236350574713,46.8917845,0.292673641597153,"historic"
474,196,4,3,21,6,0,0,3,6,0,2,0,0,0,0,15,0,1,0,1,0,0,58,"2015-10-12",443,"2015-10-10","2015-10-12",15.1896666666667,30.0466666666667,22.0989305555556,30.1447204,0.252068608769341,"historic"
475,196,4,2,22,10,0,0,3,7,0,1,0,0,0,0,3,0,2,0,1,0,0,51,"2015-11-11",444,"2015-11-14","2015-11-11",8.79566666666667,23.746,15.8614164492754,18.34896,0.187691352747174,"historic"
476,NA,NA,NA,NA,NA,NA,NA,NA,NA,NA,NA,NA,NA,NA,NA,NA,NA,NA,NA,NA,NA,NA,NA,"2015-12-11",NA,NA,"2015-12-11",1.32133333333333,18.2760666666667,9.48515089243831,28.5382144,0.158574605248584,"historic"
477,NA,NA,NA,NA,NA,NA,NA,NA,NA,NA,NA,NA,NA,NA,NA,NA,NA,NA,NA,NA,NA,NA,NA,"2016-01-09",445,"2016-01-10","2016-01-09",-0.307551724137931,11.3273448275862,5.00874303374628,190.5746671,0.129174668732731,"historic"
478,196,4,0,23,13,0,0,0,0,0,0,0,0,0,0,0,0,1,0,0,0,0,37,"2016-02-08",446,"2016-02-13","2016-02-08",-1.0987,15.5973333333333,6.71500892857143,6.8444538,0.130384578627996,"historic"
479,196,4,1,17,11,0,0,0,0,0,0,0,0,0,0,4,0,3,0,0,0,0,36,"2016-03-08",447,"2016-03-19","2016-03-08",6.032,24.1548275862069,14.8750747126437,0,0.130692413121896,"historic"
480,NA,NA,NA,NA,NA,NA,NA,NA,NA,NA,NA,NA,NA,NA,NA,NA,NA,NA,NA,NA,NA,NA,NA,"2016-04-07",448,"2016-04-10","2016-04-07",6.4752,23.915,15.5014777777778,0,0.132614921043121,"historic"
481,196,4,0,25,8,1,0,0,0,0,0,0,0,0,0,16,0,0,0,0,0,0,50,"2016-05-06",449,"2016-05-07","2016-05-06",9.61193103448276,25.9251724137931,18.2091968390805,3.6406671,0.133263296134437,"historic"
482,196,4,0,17,10,1,0,0,0,0,1,0,0,0,0,8,0,0,0,1,0,0,38,"2016-06-04",450,"2016-06-04","2016-06-04",13.3644827586207,30.3037931034483,22.7370833333333,2.1844003,0.134343606350879,"historic"
483,196,4,0,17,7,1,0,1,0,0,0,0,0,0,0,17,0,0,0,1,0,0,44,"2016-07-04",451,"2016-07-02","2016-07-04",19.3723333333333,35.2593333333333,27.3998611111111,35.0960268,0.159053288356963,"historic"
484,196,4,0,13,6,1,0,1,0,0,0,0,0,0,0,19,0,0,0,0,0,0,40,"2016-08-02",452,"2016-08-06","2016-08-02",19.9296551724138,34.7472413793103,27.1393103448276,104.9968311,0.238367894477065,"historic"
485,196,4,0,13,5,0,0,1,1,0,0,0,0,0,0,13,0,0,0,0,0,0,33,"2016-09-01",453,"2016-09-03","2016-09-01",17.3316666666667,32.104,24.1674583333333,39.6104542,0.24696856728529,"historic"
486,196,4,0,12,3,1,0,0,1,0,1,0,0,0,0,6,0,0,0,0,0,0,24,"2016-09-30",454,"2016-10-01","2016-09-30",14.9862068965517,29.9296551724138,22.0348994252874,68.444531,0.280493041837999,"historic"
487,196,4,0,14,5,1,0,1,2,0,0,0,0,0,0,2,0,0,0,0,0,0,25,"2016-10-30",455,"2016-11-05","2016-10-30",12.3884333333333,29.4716666666667,20.5846986111111,4.951306,0.245926648261786,"historic"
488,NA,NA,NA,NA,NA,NA,NA,NA,NA,NA,NA,NA,NA,NA,NA,NA,NA,NA,NA,NA,NA,NA,NA,"2016-11-29",456,"2016-12-04","2016-11-29",6.1318,20.883,13.2572777777778,5.6726667,0.181299430902658,"historic"
489,NA,NA,NA,NA,NA,NA,NA,NA,NA,NA,NA,NA,NA,NA,NA,NA,NA,NA,NA,NA,NA,NA,NA,"2016-12-28",457,"2017-01-07","2016-12-28",2.08427586206897,15.5744482758621,8.32403591954023,26.924,0.155720937413796,"historic"
490,196,4,0,20,7,1,0,0,3,0,0,0,0,0,1,0,0,1,0,0,1,0,34,"2017-01-27",458,"2017-01-28","2017-01-27",1.89906666666667,13.9531333333333,7.55748888888889,44.196,0.137762163946458,"historic"
491,196,4,0,21,7,1,0,0,0,0,0,0,0,0,0,0,0,5,1,0,0,0,35,"2017-02-26",459,"2017-02-25","2017-02-26",3.22006666666667,19.0753333333333,10.5668402777778,19.05,0.137515738101439,"historic"
492,196,4,0,12,8,0,0,0,2,0,0,0,0,0,0,10,0,0,1,0,0,0,33,"2017-03-27",460,"2017-03-28","2017-03-27",8.15079310344828,25.1262068965517,16.7191451149425,0.762,0.187704196184624,"historic"
493,196,4,0,18,5,0,0,0,3,0,0,0,0,0,0,3,0,1,0,0,1,0,31,"2017-04-26",461,"2017-04-29","2017-04-26",9.42453333333333,27.1643333333333,18.9714527777778,0.508,0.161897870704106,"historic"
494,196,4,0,17,10,0,0,0,3,0,1,0,0,1,0,14,0,0,1,0,0,0,47,"2017-05-25",462,"2017-05-27","2017-05-25",11.7475862068966,28.9137931034483,21.2836379310345,0.1456267,0.144183126517014,"historic"
495,196,4,0,11,5,1,1,0,1,0,0,0,0,0,0,18,0,0,0,0,0,0,37,"2017-06-24",463,"2017-06-24","2017-06-24",18.4626666666667,36.3653333333333,28.0530972222222,0,0.14283207376068,"historic"
496,NA,NA,NA,NA,NA,NA,NA,NA,NA,NA,NA,NA,NA,NA,NA,NA,NA,NA,NA,NA,NA,NA,NA,"2017-07-23",464,"2017-07-22","2017-07-23",20.1548275862069,34.7534482758621,27.287025862069,53.9360522,0.137041226168627,"historic"
497,196,4,0,10,3,0,0,0,5,0,0,0,0,0,0,28,0,0,0,0,0,0,46,"2017-08-21",465,"2017-08-19","2017-08-21",18.4313793103448,32.0396551724138,24.6419827586207,75.182,0.248187334473565,"historic"
498,196,4,0,11,4,0,0,0,5,0,0,0,0,0,0,46,0,0,0,0,0,0,66,"2017-09-20",466,"2017-09-14","2017-09-20",16.995,32.9316666666667,24.88775,12.446,0.244050953440086,"historic"
499,196,4,0,11,0,1,0,0,4,0,1,0,0,0,0,15,0,0,0,0,0,0,32,"2017-10-19",467,"2017-10-21","2017-10-19",13.7027586206897,29.9051724137931,21.6153591954023,4.572,0.200410952637623,"historic"
500,196,4,0,13,1,1,0,0,5,0,1,0,0,0,0,7,0,0,0,0,0,0,28,"2017-11-18",468,"2017-11-18","2017-11-18",9.32176666666667,26.2213333333333,17.2683222222222,3.302,0.154369186081601,"historic"
501,NA,NA,NA,NA,NA,NA,NA,NA,NA,NA,NA,NA,NA,NA,NA,NA,NA,NA,NA,NA,NA,NA,NA,"2017-12-18",469,"2017-12-16","2017-12-18",3.91596666666667,18.511,10.6596722222222,15.494,0.155035857836151,"historic"
502,NA,NA,NA,NA,NA,NA,NA,NA,NA,NA,NA,NA,NA,NA,NA,NA,NA,NA,NA,NA,NA,NA,NA,"2018-01-17",470,"2018-01-20","2018-01-17",2.6722,17.5267,9.37766805555555,1.016,0.130082801646267,"historic"
503,NA,NA,NA,NA,NA,NA,NA,NA,NA,NA,NA,NA,NA,NA,NA,NA,NA,NA,NA,NA,NA,NA,NA,"2018-02-15",471,"2018-02-17","2018-02-15",2.75979310344828,19.1510344827586,10.5719813218391,8.128,0.137207661954424,"historic"
504,196,4,0,14,0,1,0,0,3,0,2,0,0,0,0,4,0,0,0,0,0,0,24,"2018-03-16",472,"2018-03-24","2018-03-16",3.63289655172414,18.8171724137931,11.1408994252874,11.938,0.130915133333731,"historic"
505,196,4,0,15,1,1,0,0,2,0,0,0,0,0,0,8,0,0,0,0,0,0,27,"2018-04-15",473,"2018-04-14","2018-04-15",8.76873333333333,25.751,17.5854833333333,1.016,0.120513420036276,"historic"
506,196,4,0,8,1,1,0,0,2,0,0,0,0,0,0,18,0,0,0,0,0,0,30,"2018-05-14",474,"2018-05-19","2018-05-14",13.0204827586207,29.9634482758621,22.2140344827586,0.508,0.116352278480735,"historic"
507,196,4,0,9,1,1,0,0,4,0,0,0,0,0,0,15,0,0,0,0,0,0,30,"2018-06-13",475,"2018-06-09","2018-06-13",16.0993333333333,35.1243333333333,26.6023194444444,1.778,0.118709639340732,"historic"
508,196,4,0,11,0,1,0,0,4,0,1,0,0,0,0,11,0,0,0,0,0,0,28,"2018-07-12",476,"2018-07-14","2018-07-12",19.3837931034483,35.1375862068966,27.7197844827586,38.1,0.113919276855494,"historic"
509,196,4,0,7,1,0,0,0,2,0,0,0,0,0,0,9,0,0,0,0,0,0,19,"2018-08-11",477,"2018-08-12","2018-08-11",20.816,35.777,27.9241111111111,14.986,0.13723096079207,"historic"
510,196,4,0,8,1,1,0,0,3,0,0,0,0,0,0,7,0,0,0,0,0,0,20,"2018-09-09",478,"2018-09-04","2018-09-09",18.25,32.6862068965517,24.9176436781609,41.908,0.16189216775518,"historic"
511,196,4,0,8,1,0,0,0,2,0,0,0,0,0,0,5,0,0,0,0,0,0,16,"2018-10-09",479,"2018-10-06","2018-10-09",16.1532,31.381,23.7177347222222,29.714,0.174317472045503,"historic"
512,196,4,0,9,0,0,0,1,1,0,0,0,0,0,0,1,0,0,0,0,0,0,12,"2018-11-07",480,"2018-11-10","2018-11-07",9.11020689655172,20.8579310344828,14.6400675287356,53.594,0.185033321658577,"historic"
513,NA,NA,NA,NA,NA,NA,NA,NA,NA,NA,NA,NA,NA,NA,NA,NA,NA,NA,NA,NA,NA,NA,NA,"2018-12-07",481,"2018-12-08","2018-12-07",2.32243333333333,17.2046666666667,9.32087638888889,41.148,0.156950262183696,"historic"
514,NA,NA,NA,NA,NA,NA,NA,NA,NA,NA,NA,NA,NA,NA,NA,NA,NA,NA,NA,NA,NA,NA,NA,"2019-01-05",NA,NA,"2019-01-05",0.537344827586207,12.2154137931034,5.99308189655172,22.352,0.0469460000640846,"historic"
515,NA,NA,NA,NA,NA,NA,NA,NA,NA,NA,NA,NA,NA,NA,NA,NA,NA,NA,NA,NA,NA,NA,NA,"2019-02-04",482,"2019-02-02","2019-02-04",2.49536666666667,15.8166666666667,8.48847361111111,5.842,0.250298914594914,"historic"
516,196,4,0,14,0,0,0,0,1,0,0,0,0,0,0,1,0,0,0,0,0,0,16,"2019-03-06",483,"2019-03-01","2019-03-06",1.2836,16.8564666666667,8.93747916666667,9.144,0.278635094567379,"historic"
517,196,4,0,10,0,0,0,0,3,0,0,0,0,0,0,5,0,0,0,0,0,0,18,"2019-04-04",484,"2019-04-02","2019-04-04",4.68858620689655,20.8272413793103,13.107683908046,21.082,0.267752673116304,"historic"
518,196,4,0,12,0,0,0,0,2,0,0,0,0,0,0,5,0,0,0,0,0,0,19,"2019-05-04",485,"2019-05-04","2019-05-04",9.83533333333333,26.6493333333333,18.8530694444444,6.096,0.182333193735986,"historic"
519,196,4,0,8,1,0,0,0,0,0,0,0,0,0,0,7,0,0,0,0,0,0,16,"2019-06-02",486,"2019-06-08","2019-06-02",11.6759655172414,27.7437931034483,20.4781307471264,6.604,0.159012162590449,"historic"
520,196,4,0,8,0,0,0,0,2,0,0,0,0,0,0,13,0,0,0,0,0,0,23,"2019-07-02",487,"2019-07-06","2019-07-02",17.6736666666667,35.501,27.3467777777778,8.636,0.157273157866764,"historic"
521,196,4,0,2,0,0,0,0,1,0,0,0,0,0,0,15,0,0,0,0,0,0,18,"2019-07-31",488,"2019-08-03","2019-07-31",20.1537931034483,36.6196551724138,28.2153448275862,38.608,0.173473597742126,"historic"
522,196,4,0,4,0,0,0,0,3,0,0,0,0,0,0,17,0,0,0,0,0,0,24,"2019-08-30",489,"2019-09-04","2019-08-30",20.3633333333333,35.922,27.6673611111111,34.032,0.190906386421406,"historic"
523,196,4,0,7,0,0,0,0,5,0,1,0,0,0,0,16,0,0,0,0,0,0,29,"2019-09-28",490,"2019-09-28","2019-09-28",17.6065517241379,30.9137931034483,23.9887931034483,59.182,0.183275553454192,"historic"
524,196,4,0,9,1,0,0,0,4,1,0,0,0,0,0,6,0,0,0,0,0,0,21,"2019-10-28",491,"2019-10-26","2019-10-28",10.7713666666667,26.9686666666667,18.6318013888889,3.302,0.198666295161422,"historic"
525,196,4,0,10,0,0,0,0,3,0,0,0,0,0,0,2,0,0,0,0,0,0,15,"2019-11-26",492,"2019-11-24","2019-11-26",5.41027586206897,20.1810344827586,12.299400862069,18.034,0.119717863420635,"historic"
526,196,4,0,13,0,0,0,0,2,0,0,0,0,0,0,0,0,0,0,0,0,0,15,"2019-12-26",493,"2019-12-21","2019-12-26",2.2161,13.9407333333333,7.44316805555556,90.678,0.100325326058375,"historic"
527,196,4,0,24,0,0,0,0,6,0,2,0,0,0,0,0,0,0,0,0,0,0,32,"2020-01-24",494,"2020-01-25","2020-01-24",0.300034482758621,14.1488965517241,6.59015804597701,14.478,0.2400493681987,"historic"
528,NA,NA,NA,NA,NA,NA,NA,NA,NA,NA,NA,NA,NA,NA,NA,NA,NA,NA,NA,NA,NA,NA,NA,"2020-02-23",495,"2020-02-24","2020-02-23",2.19593333333333,16.6999,8.90230833333333,13.462,0.295405794537337,"historic"
529,NA,NA,NA,NA,NA,NA,NA,NA,NA,NA,NA,NA,NA,NA,NA,NA,NA,NA,NA,NA,NA,NA,NA,"2020-03-23",NA,NA,"2020-03-23",4.68955172413793,18.6441379310345,11.5896451149425,50.292,0.389539631388512,"historic"
530,NA,NA,NA,NA,NA,NA,NA,NA,NA,NA,NA,NA,NA,NA,NA,NA,NA,NA,NA,NA,NA,NA,NA,"2020-04-22",NA,NA,"2020-04-22",6.46283333333333,23.667,15.5750708333333,0.254,0.304985641180906,"historic"
531,NA,NA,NA,NA,NA,NA,NA,NA,NA,NA,NA,NA,NA,NA,NA,NA,NA,NA,NA,NA,NA,NA,NA,"2020-05-21",NA,NA,"2020-05-21",13.8768965517241,32.5944827586207,23.97875,0,0.231843916779738,"historic"
532,NA,NA,NA,NA,NA,NA,NA,NA,NA,NA,NA,NA,NA,NA,NA,NA,NA,NA,NA,NA,NA,NA,NA,"2020-06-20",NA,NA,"2020-06-20",17.209,35.267,27.0118888888889,0.254,0.228466312377506,"historic"
533,NA,NA,NA,NA,NA,NA,NA,NA,NA,NA,NA,NA,NA,NA,NA,NA,NA,NA,NA,NA,NA,NA,NA,"2020-07-20",NA,NA,"2020-07-20",20.5413333333333,37.588,29.2115694444444,11.938,0.230155857078245,"historic"
534,NA,NA,NA,NA,NA,NA,NA,NA,NA,NA,NA,NA,NA,NA,NA,NA,NA,NA,NA,NA,NA,NA,NA,"2020-08-18",NA,NA,"2020-08-18",20.9168965517241,36.2444827586207,28.356566091954,43.176,0.253203024107492,"historic"
535,NA,NA,NA,NA,NA,NA,NA,NA,NA,NA,NA,NA,NA,NA,NA,NA,NA,NA,NA,NA,NA,NA,NA,"2020-09-17",NA,NA,"2020-09-17",18.0753333333333,34.19,25.9182777777778,13.208,0.226577669094353,"historic"
536,NA,NA,NA,NA,NA,NA,NA,NA,NA,NA,NA,NA,NA,NA,NA,NA,NA,NA,NA,NA,NA,NA,NA,"2020-10-16",NA,NA,"2020-10-16",14.6306896551724,33.151724137931,23.7836637931034,0,0.214742836951606,"historic"
537,NA,NA,NA,NA,NA,NA,NA,NA,NA,NA,NA,NA,NA,NA,NA,NA,NA,NA,NA,NA,NA,NA,NA,"2020-11-15",NA,NA,"2020-11-15",7.96333333333333,24.6916666666667,15.9684208333333,0.762,0.199277868234585,"historic"
538,NA,NA,NA,NA,NA,NA,NA,NA,NA,NA,NA,NA,NA,NA,NA,NA,NA,NA,NA,NA,NA,NA,NA,"2020-12-14",NA,NA,"2020-12-14",3.13862068965517,18.724724137931,10.3071954022989,0.254,0.173322433288105,"historic"
539,NA,NA,NA,NA,NA,NA,NA,NA,NA,NA,NA,NA,NA,NA,NA,NA,NA,NA,NA,NA,NA,NA,NA,"2021-01-13",NA,NA,"2021-01-13",-1.41203333333333,14.7142,6.07099861111111,0.508,0.167623733604704,"historic"
540,NA,NA,NA,NA,NA,NA,NA,NA,NA,NA,NA,NA,NA,NA,NA,NA,NA,NA,NA,NA,NA,NA,NA,"2021-02-11",NA,NA,"2021-02-11",2.41658620689655,16.6074482758621,9.16080459770115,0.508,0.151234384893713,"historic"
541,NA,NA,NA,NA,NA,NA,NA,NA,NA,NA,NA,NA,NA,NA,NA,NA,NA,NA,NA,NA,NA,NA,NA,"2021-03-13",NA,NA,"2021-03-13",1.77873333333333,18.8253333333333,10.3623541666667,0,0.151093792401629,"historic"
542,NA,NA,NA,NA,NA,NA,NA,NA,NA,NA,NA,NA,NA,NA,NA,NA,NA,NA,NA,NA,NA,NA,NA,"2021-04-11",NA,NA,"2021-04-11",7.08606896551724,23.8044827586207,15.7219899425287,0,0.142952954922358,"historic"
543,NA,NA,NA,NA,NA,NA,NA,NA,NA,NA,NA,NA,NA,NA,NA,NA,NA,NA,NA,NA,NA,NA,NA,"2021-05-11",NA,NA,"2021-05-11",10.9391,27.281,19.7656416666667,0,0.145326221308942,"historic"
544,196,4,0,7,3,0,0,0,0,1,0,0,0,0,0,20,0,0,0,0,0,0,31,"2021-06-09",496,"2021-06-15","2021-06-09",15.5603103448276,33.1034482758621,25.2793692528736,0,0.154694504414637,"historic"
545,NA,NA,NA,NA,NA,NA,NA,NA,NA,NA,NA,NA,NA,NA,NA,NA,NA,NA,NA,NA,NA,NA,NA,"2021-07-08",NA,NA,"2021-07-08",20.4631034482759,36.33,28.5121184808029,244.175,0.167010464492065,"historic"
546,NA,NA,NA,NA,NA,NA,NA,NA,NA,NA,NA,NA,NA,NA,NA,NA,NA,NA,NA,NA,NA,NA,NA,"2021-08-07",NA,NA,"2021-08-07",19.4666666666667,34.2833333333333,26.2472222222222,721.965,0.179034522625879,"historic"
547,NA,NA,NA,NA,NA,NA,NA,NA,NA,NA,NA,NA,NA,NA,NA,NA,NA,NA,NA,NA,NA,NA,NA,"2021-09-05",497,"2021-08-31","2021-09-05",18.2824137931034,31.7868965517241,24.0161428944619,245.272,0.185835232710677,"historic"
548,196,4,0,9,1,0,0,0,0,0,0,0,0,0,0,24,0,0,0,0,0,0,34,"2021-10-05",498,"2021-10-16","2021-10-05",15.5506666666667,31.1653333333333,22.8919583333333,60.45,0.186647735671352,"historic"
549,196,4,0,16,2,0,0,0,0,0,0,0,0,0,0,24,0,0,0,0,0,0,42,"2021-11-04",499,"2021-11-13","2021-11-04",8.74233333333333,26.5643333333333,17.5030555555556,0,0.180936663743261,"historic"
550,196,4,0,19,2,0,0,0,1,2,0,0,0,0,0,21,0,0,0,0,0,0,45,"2021-12-04",500,"2021-12-04","2021-12-04",6.7398,22.3766666666667,13.8202986111111,1.016,0.170191585681657,"historic"
551,196,4,0,20,1,0,0,1,2,1,1,0,0,0,0,13,0,0,0,0,0,0,39,"2022-01-02",501,"2022-01-08","2022-01-02",2.35144827586207,16.6523103448276,9.18087931034483,30.226,0.157647973169653,"historic"
552,196,4,0,23,0,0,0,0,1,0,0,0,0,0,0,10,0,0,0,0,0,0,34,"2022-01-31",502,"2022-01-29","2022-01-31",0.636379310344828,15.4318965517241,7.36420977011494,4.318,0.146077773064171,"historic"
553,196,4,0,27,2,0,0,0,0,1,0,0,0,0,0,11,0,0,0,0,0,0,41,"2022-03-02",503,"2022-02-26","2022-03-02",0.381733333333333,17.1979333333333,8.63758472222222,8.382,0.138131396208224,"historic"
554,196,4,0,21,1,0,0,0,1,1,0,0,0,0,0,42,0,0,0,0,0,0,66,"2022-04-01",504,"2022-04-09","2022-04-01",4.8436,21.7793333333333,13.5149180555556,5.588,0.136315535375616,"historic"
555,NA,NA,NA,NA,NA,NA,NA,NA,NA,NA,NA,NA,NA,NA,NA,NA,NA,NA,NA,NA,NA,NA,NA,"2022-04-30",505,"2022-04-30","2022-04-30",9.96131034482759,28.798275862069,20.2459899425287,0,0.140846581451087,"historic"
556,NA,NA,NA,NA,NA,NA,NA,NA,NA,NA,NA,NA,NA,NA,NA,NA,NA,NA,NA,NA,NA,NA,NA,"2022-05-29",NA,NA,"2022-05-29",14.728275862069,33.1586206896552,24.7853304597701,0,0.150451920777562,"historic"
557,196,4,0,15,2,0,0,0,0,2,0,0,0,0,0,80,0,0,0,0,0,0,99,"2022-06-28",507,"2022-06-29","2022-06-28",18.884,35.0653333333333,27.2849583333333,84.332,0.163225385645211,"historic"
558,196,4,0,13,3,0,0,0,0,3,0,0,0,0,0,67,0,0,0,0,0,0,86,"2022-07-28",508,"2022-07-30","2022-07-28",20.607,35.9463333333333,27.6272083333333,73.406,0.175584321563786,"historic"
559,196,4,0,14,1,0,0,0,0,0,1,0,0,0,0,56,0,0,0,0,0,0,72,"2022-08-26",509,"2022-09-01","2022-08-26",18.8562962962963,31.5974074074074,24.5413467360699,704.458,0.184100938075939,"historic"
